carrier,service,origin_cep,dest_city,dest_uf,box_cm,weight_kg,dim_weight_kg,price_brl,days,source_url,measured_at,is_estimate,notes
Correios,PAC,03005-000,Recife,PE,60x40x40,3,16.0,152.60,6,https://www2.correios.com.br/sistemas/precosPrazos/ (form POST to sistemas/precosPrazos/prazos.cfm),2026-09-19T18:34:03.980218Z,FALSE,"MEASUREMENT public calculator, a vista (balcao) price, no contract; days = dias uteis after posting; billed weight 16 kg (rule: max(fisico,cubico) when cubico>5 kg); page says 'preco meramente informativo, confirmar no ato da postagem'"
Correios,PAC,03005-000,Recife,PE,60x40x40,16,16.0,152.60,6,https://www2.correios.com.br/sistemas/precosPrazos/ (form POST to sistemas/precosPrazos/prazos.cfm),2026-09-19T18:34:06.943977Z,FALSE,"MEASUREMENT public calculator, a vista (balcao) price, no contract; days = dias uteis after posting; billed weight 16 kg (rule: max(fisico,cubico) when cubico>5 kg); page says 'preco meramente informativo, confirmar no ato da postagem'"
Correios,PAC,03005-000,Recife,PE,40x30x30,3,6.0,65.90,6,https://www2.correios.com.br/sistemas/precosPrazos/ (form POST to sistemas/precosPrazos/prazos.cfm),2026-09-19T18:34:10.093910Z,FALSE,"MEASUREMENT public calculator, a vista (balcao) price, no contract; days = dias uteis after posting; billed weight 6 kg (rule: max(fisico,cubico) when cubico>5 kg); page says 'preco meramente informativo, confirmar no ato da postagem'"
Correios,PAC,03005-000,Recife,PE,30x25x20,3,2.5,49.70,6,https://www2.correios.com.br/sistemas/precosPrazos/ (form POST to sistemas/precosPrazos/prazos.cfm),2026-09-19T18:34:13.277440Z,FALSE,"MEASUREMENT public calculator, a vista (balcao) price, no contract; days = dias uteis after posting; billed weight 3 kg (rule: max(fisico,cubico) when cubico>5 kg); page says 'preco meramente informativo, confirmar no ato da postagem'"
Correios,SEDEX,03005-000,Recife,PE,60x40x40,3,16.0,427.20,1,https://www2.correios.com.br/sistemas/precosPrazos/ (form POST to sistemas/precosPrazos/prazos.cfm),2026-09-19T18:34:16.601030Z,FALSE,"MEASUREMENT public calculator, a vista (balcao) price, no contract; days = dias uteis after posting; billed weight 16 kg (rule: max(fisico,cubico) when cubico>5 kg); page says 'preco meramente informativo, confirmar no ato da postagem'"
Correios,SEDEX,03005-000,Recife,PE,60x40x40,16,16.0,427.20,1,https://www2.correios.com.br/sistemas/precosPrazos/ (form POST to sistemas/precosPrazos/prazos.cfm),2026-09-19T18:34:19.407688Z,FALSE,"MEASUREMENT public calculator, a vista (balcao) price, no contract; days = dias uteis after posting; billed weight 16 kg (rule: max(fisico,cubico) when cubico>5 kg); page says 'preco meramente informativo, confirmar no ato da postagem'"
Correios,SEDEX,03005-000,Recife,PE,40x30x30,3,6.0,171.70,1,https://www2.correios.com.br/sistemas/precosPrazos/ (form POST to sistemas/precosPrazos/prazos.cfm),2026-09-19T18:34:22.823165Z,FALSE,"MEASUREMENT public calculator, a vista (balcao) price, no contract; days = dias uteis after posting; billed weight 6 kg (rule: max(fisico,cubico) when cubico>5 kg); page says 'preco meramente informativo, confirmar no ato da postagem'"
Correios,SEDEX,03005-000,Recife,PE,30x25x20,3,2.5,123.90,1,https://www2.correios.com.br/sistemas/precosPrazos/ (form POST to sistemas/precosPrazos/prazos.cfm),2026-09-19T18:34:26.086715Z,FALSE,"MEASUREMENT public calculator, a vista (balcao) price, no contract; days = dias uteis after posting; billed weight 3 kg (rule: max(fisico,cubico) when cubico>5 kg); page says 'preco meramente informativo, confirmar no ato da postagem'"
Correios,PAC,03005-000,Fortaleza,CE,60x40x40,3,16.0,152.60,7,https://www2.correios.com.br/sistemas/precosPrazos/ (form POST to sistemas/precosPrazos/prazos.cfm),2026-09-19T18:34:29.228089Z,FALSE,"MEASUREMENT public calculator, a vista (balcao) price, no contract; days = dias uteis after posting; billed weight 16 kg (rule: max(fisico,cubico) when cubico>5 kg); page says 'preco meramente informativo, confirmar no ato da postagem'"
Correios,PAC,03005-000,Fortaleza,CE,60x40x40,16,16.0,152.60,7,https://www2.correios.com.br/sistemas/precosPrazos/ (form POST to sistemas/precosPrazos/prazos.cfm),2026-09-19T18:34:32.448705Z,FALSE,"MEASUREMENT public calculator, a vista (balcao) price, no contract; days = dias uteis after posting; billed weight 16 kg (rule: max(fisico,cubico) when cubico>5 kg); page says 'preco meramente informativo, confirmar no ato da postagem'"
Correios,PAC,03005-000,Fortaleza,CE,40x30x30,3,6.0,65.90,7,https://www2.correios.com.br/sistemas/precosPrazos/ (form POST to sistemas/precosPrazos/prazos.cfm),2026-09-19T18:34:35.505954Z,FALSE,"MEASUREMENT public calculator, a vista (balcao) price, no contract; days = dias uteis after posting; billed weight 6 kg (rule: max(fisico,cubico) when cubico>5 kg); page says 'preco meramente informativo, confirmar no ato da postagem'"
Correios,PAC,03005-000,Fortaleza,CE,30x25x20,3,2.5,49.70,7,https://www2.correios.com.br/sistemas/precosPrazos/ (form POST to sistemas/precosPrazos/prazos.cfm),2026-09-19T18:34:38.605481Z,FALSE,"MEASUREMENT public calculator, a vista (balcao) price, no contract; days = dias uteis after posting; billed weight 3 kg (rule: max(fisico,cubico) when cubico>5 kg); page says 'preco meramente informativo, confirmar no ato da postagem'"
Correios,SEDEX,03005-000,Fortaleza,CE,60x40x40,3,16.0,427.20,1,https://www2.correios.com.br/sistemas/precosPrazos/ (form POST to sistemas/precosPrazos/prazos.cfm),2026-09-19T18:34:41.635040Z,FALSE,"MEASUREMENT public calculator, a vista (balcao) price, no contract; days = dias uteis after posting; billed weight 16 kg (rule: max(fisico,cubico) when cubico>5 kg); page says 'preco meramente informativo, confirmar no ato da postagem'"
Correios,SEDEX,03005-000,Fortaleza,CE,60x40x40,16,16.0,427.20,1,https://www2.correios.com.br/sistemas/precosPrazos/ (form POST to sistemas/precosPrazos/prazos.cfm),2026-09-19T18:34:44.535061Z,FALSE,"MEASUREMENT public calculator, a vista (balcao) price, no contract; days = dias uteis after posting; billed weight 16 kg (rule: max(fisico,cubico) when cubico>5 kg); page says 'preco meramente informativo, confirmar no ato da postagem'"
Correios,SEDEX,03005-000,Fortaleza,CE,40x30x30,3,6.0,171.70,1,https://www2.correios.com.br/sistemas/precosPrazos/ (form POST to sistemas/precosPrazos/prazos.cfm),2026-09-19T18:34:47.216975Z,FALSE,"MEASUREMENT public calculator, a vista (balcao) price, no contract; days = dias uteis after posting; billed weight 6 kg (rule: max(fisico,cubico) when cubico>5 kg); page says 'preco meramente informativo, confirmar no ato da postagem'"
Correios,SEDEX,03005-000,Fortaleza,CE,30x25x20,3,2.5,123.90,1,https://www2.correios.com.br/sistemas/precosPrazos/ (form POST to sistemas/precosPrazos/prazos.cfm),2026-09-19T18:34:50.009186Z,FALSE,"MEASUREMENT public calculator, a vista (balcao) price, no contract; days = dias uteis after posting; billed weight 3 kg (rule: max(fisico,cubico) when cubico>5 kg); page says 'preco meramente informativo, confirmar no ato da postagem'"
Correios,PAC,03005-000,São Luís,MA,60x40x40,3,16.0,188.40,8,https://www2.correios.com.br/sistemas/precosPrazos/ (form POST to sistemas/precosPrazos/prazos.cfm),2026-09-19T18:34:53.032764Z,FALSE,"MEASUREMENT public calculator, a vista (balcao) price, no contract; days = dias uteis after posting; billed weight 16 kg (rule: max(fisico,cubico) when cubico>5 kg); page says 'preco meramente informativo, confirmar no ato da postagem'"
Correios,PAC,03005-000,São Luís,MA,60x40x40,16,16.0,188.40,8,https://www2.correios.com.br/sistemas/precosPrazos/ (form POST to sistemas/precosPrazos/prazos.cfm),2026-09-19T18:34:56.108525Z,FALSE,"MEASUREMENT public calculator, a vista (balcao) price, no contract; days = dias uteis after posting; billed weight 16 kg (rule: max(fisico,cubico) when cubico>5 kg); page says 'preco meramente informativo, confirmar no ato da postagem'"
Correios,PAC,03005-000,São Luís,MA,40x30x30,3,6.0,81.70,8,https://www2.correios.com.br/sistemas/precosPrazos/ (form POST to sistemas/precosPrazos/prazos.cfm),2026-09-19T18:34:59.075978Z,FALSE,"MEASUREMENT public calculator, a vista (balcao) price, no contract; days = dias uteis after posting; billed weight 6 kg (rule: max(fisico,cubico) when cubico>5 kg); page says 'preco meramente informativo, confirmar no ato da postagem'"
Correios,PAC,03005-000,São Luís,MA,30x25x20,3,2.5,59.60,8,https://www2.correios.com.br/sistemas/precosPrazos/ (form POST to sistemas/precosPrazos/prazos.cfm),2026-09-19T18:35:01.783809Z,FALSE,"MEASUREMENT public calculator, a vista (balcao) price, no contract; days = dias uteis after posting; billed weight 3 kg (rule: max(fisico,cubico) when cubico>5 kg); page says 'preco meramente informativo, confirmar no ato da postagem'"
Correios,SEDEX,03005-000,São Luís,MA,60x40x40,3,16.0,516.40,4,https://www2.correios.com.br/sistemas/precosPrazos/ (form POST to sistemas/precosPrazos/prazos.cfm),2026-09-19T18:35:04.732746Z,FALSE,"MEASUREMENT public calculator, a vista (balcao) price, no contract; days = dias uteis after posting; billed weight 16 kg (rule: max(fisico,cubico) when cubico>5 kg); page says 'preco meramente informativo, confirmar no ato da postagem'"
Correios,SEDEX,03005-000,São Luís,MA,60x40x40,16,16.0,516.40,4,https://www2.correios.com.br/sistemas/precosPrazos/ (form POST to sistemas/precosPrazos/prazos.cfm),2026-09-19T18:35:07.437997Z,FALSE,"MEASUREMENT public calculator, a vista (balcao) price, no contract; days = dias uteis after posting; billed weight 16 kg (rule: max(fisico,cubico) when cubico>5 kg); page says 'preco meramente informativo, confirmar no ato da postagem'"
Correios,SEDEX,03005-000,São Luís,MA,40x30x30,3,6.0,207.70,4,https://www2.correios.com.br/sistemas/precosPrazos/ (form POST to sistemas/precosPrazos/prazos.cfm),2026-09-19T18:35:10.558355Z,FALSE,"MEASUREMENT public calculator, a vista (balcao) price, no contract; days = dias uteis after posting; billed weight 6 kg (rule: max(fisico,cubico) when cubico>5 kg); page says 'preco meramente informativo, confirmar no ato da postagem'"
Correios,SEDEX,03005-000,São Luís,MA,30x25x20,3,2.5,149.70,4,https://www2.correios.com.br/sistemas/precosPrazos/ (form POST to sistemas/precosPrazos/prazos.cfm),2026-09-19T18:35:13.348100Z,FALSE,"MEASUREMENT public calculator, a vista (balcao) price, no contract; days = dias uteis after posting; billed weight 3 kg (rule: max(fisico,cubico) when cubico>5 kg); page says 'preco meramente informativo, confirmar no ato da postagem'"
Correios,PAC,03005-000,Belém,PA,60x40x40,3,16.0,152.60,8,https://www2.correios.com.br/sistemas/precosPrazos/ (form POST to sistemas/precosPrazos/prazos.cfm),2026-09-19T18:35:16.295050Z,FALSE,"MEASUREMENT public calculator, a vista (balcao) price, no contract; days = dias uteis after posting; billed weight 16 kg (rule: max(fisico,cubico) when cubico>5 kg); page says 'preco meramente informativo, confirmar no ato da postagem'"
Correios,PAC,03005-000,Belém,PA,60x40x40,16,16.0,152.60,8,https://www2.correios.com.br/sistemas/precosPrazos/ (form POST to sistemas/precosPrazos/prazos.cfm),2026-09-19T18:35:19.485176Z,FALSE,"MEASUREMENT public calculator, a vista (balcao) price, no contract; days = dias uteis after posting; billed weight 16 kg (rule: max(fisico,cubico) when cubico>5 kg); page says 'preco meramente informativo, confirmar no ato da postagem'"
Correios,PAC,03005-000,Belém,PA,40x30x30,3,6.0,65.90,8,https://www2.correios.com.br/sistemas/precosPrazos/ (form POST to sistemas/precosPrazos/prazos.cfm),2026-09-19T18:35:22.491547Z,FALSE,"MEASUREMENT public calculator, a vista (balcao) price, no contract; days = dias uteis after posting; billed weight 6 kg (rule: max(fisico,cubico) when cubico>5 kg); page says 'preco meramente informativo, confirmar no ato da postagem'"
Correios,PAC,03005-000,Belém,PA,30x25x20,3,2.5,49.70,8,https://www2.correios.com.br/sistemas/precosPrazos/ (form POST to sistemas/precosPrazos/prazos.cfm),2026-09-19T18:35:25.341432Z,FALSE,"MEASUREMENT public calculator, a vista (balcao) price, no contract; days = dias uteis after posting; billed weight 3 kg (rule: max(fisico,cubico) when cubico>5 kg); page says 'preco meramente informativo, confirmar no ato da postagem'"
Correios,SEDEX,03005-000,Belém,PA,60x40x40,3,16.0,427.20,4,https://www2.correios.com.br/sistemas/precosPrazos/ (form POST to sistemas/precosPrazos/prazos.cfm),2026-09-19T18:35:28.149932Z,FALSE,"MEASUREMENT public calculator, a vista (balcao) price, no contract; days = dias uteis after posting; billed weight 16 kg (rule: max(fisico,cubico) when cubico>5 kg); page says 'preco meramente informativo, confirmar no ato da postagem'"
Correios,SEDEX,03005-000,Belém,PA,60x40x40,16,16.0,427.20,4,https://www2.correios.com.br/sistemas/precosPrazos/ (form POST to sistemas/precosPrazos/prazos.cfm),2026-09-19T18:35:31.319514Z,FALSE,"MEASUREMENT public calculator, a vista (balcao) price, no contract; days = dias uteis after posting; billed weight 16 kg (rule: max(fisico,cubico) when cubico>5 kg); page says 'preco meramente informativo, confirmar no ato da postagem'"
Correios,SEDEX,03005-000,Belém,PA,40x30x30,3,6.0,171.70,4,https://www2.correios.com.br/sistemas/precosPrazos/ (form POST to sistemas/precosPrazos/prazos.cfm),2026-09-19T18:35:34.347061Z,FALSE,"MEASUREMENT public calculator, a vista (balcao) price, no contract; days = dias uteis after posting; billed weight 6 kg (rule: max(fisico,cubico) when cubico>5 kg); page says 'preco meramente informativo, confirmar no ato da postagem'"
Correios,SEDEX,03005-000,Belém,PA,30x25x20,3,2.5,123.90,4,https://www2.correios.com.br/sistemas/precosPrazos/ (form POST to sistemas/precosPrazos/prazos.cfm),2026-09-19T18:35:37.156841Z,FALSE,"MEASUREMENT public calculator, a vista (balcao) price, no contract; days = dias uteis after posting; billed weight 3 kg (rule: max(fisico,cubico) when cubico>5 kg); page says 'preco meramente informativo, confirmar no ato da postagem'"
Correios,PAC,03005-000,Salvador,BA,60x40x40,3,16.0,132.90,6,https://www2.correios.com.br/sistemas/precosPrazos/ (form POST to sistemas/precosPrazos/prazos.cfm),2026-09-19T18:35:40.094359Z,FALSE,"MEASUREMENT public calculator, a vista (balcao) price, no contract; days = dias uteis after posting; billed weight 16 kg (rule: max(fisico,cubico) when cubico>5 kg); page says 'preco meramente informativo, confirmar no ato da postagem'"
Correios,PAC,03005-000,Salvador,BA,60x40x40,16,16.0,132.90,6,https://www2.correios.com.br/sistemas/precosPrazos/ (form POST to sistemas/precosPrazos/prazos.cfm),2026-09-19T18:35:43.558730Z,FALSE,"MEASUREMENT public calculator, a vista (balcao) price, no contract; days = dias uteis after posting; billed weight 16 kg (rule: max(fisico,cubico) when cubico>5 kg); page says 'preco meramente informativo, confirmar no ato da postagem'"
Correios,PAC,03005-000,Salvador,BA,40x30x30,3,6.0,57.80,6,https://www2.correios.com.br/sistemas/precosPrazos/ (form POST to sistemas/precosPrazos/prazos.cfm),2026-09-19T18:35:46.944368Z,FALSE,"MEASUREMENT public calculator, a vista (balcao) price, no contract; days = dias uteis after posting; billed weight 6 kg (rule: max(fisico,cubico) when cubico>5 kg); page says 'preco meramente informativo, confirmar no ato da postagem'"
Correios,PAC,03005-000,Salvador,BA,30x25x20,3,2.5,44.50,6,https://www2.correios.com.br/sistemas/precosPrazos/ (form POST to sistemas/precosPrazos/prazos.cfm),2026-09-19T18:35:50.035999Z,FALSE,"MEASUREMENT public calculator, a vista (balcao) price, no contract; days = dias uteis after posting; billed weight 3 kg (rule: max(fisico,cubico) when cubico>5 kg); page says 'preco meramente informativo, confirmar no ato da postagem'"
Correios,SEDEX,03005-000,Salvador,BA,60x40x40,3,16.0,304.10,1,https://www2.correios.com.br/sistemas/precosPrazos/ (form POST to sistemas/precosPrazos/prazos.cfm),2026-09-19T18:35:53.090068Z,FALSE,"MEASUREMENT public calculator, a vista (balcao) price, no contract; days = dias uteis after posting; billed weight 16 kg (rule: max(fisico,cubico) when cubico>5 kg); page says 'preco meramente informativo, confirmar no ato da postagem'"
Correios,SEDEX,03005-000,Salvador,BA,60x40x40,16,16.0,304.10,1,https://www2.correios.com.br/sistemas/precosPrazos/ (form POST to sistemas/precosPrazos/prazos.cfm),2026-09-19T18:35:56.069353Z,FALSE,"MEASUREMENT public calculator, a vista (balcao) price, no contract; days = dias uteis after posting; billed weight 16 kg (rule: max(fisico,cubico) when cubico>5 kg); page says 'preco meramente informativo, confirmar no ato da postagem'"
Correios,SEDEX,03005-000,Salvador,BA,40x30x30,3,6.0,122.30,1,https://www2.correios.com.br/sistemas/precosPrazos/ (form POST to sistemas/precosPrazos/prazos.cfm),2026-09-19T18:35:59.149334Z,FALSE,"MEASUREMENT public calculator, a vista (balcao) price, no contract; days = dias uteis after posting; billed weight 6 kg (rule: max(fisico,cubico) when cubico>5 kg); page says 'preco meramente informativo, confirmar no ato da postagem'"
Correios,SEDEX,03005-000,Salvador,BA,30x25x20,3,2.5,88.10,1,https://www2.correios.com.br/sistemas/precosPrazos/ (form POST to sistemas/precosPrazos/prazos.cfm),2026-09-19T18:36:02.075772Z,FALSE,"MEASUREMENT public calculator, a vista (balcao) price, no contract; days = dias uteis after posting; billed weight 3 kg (rule: max(fisico,cubico) when cubico>5 kg); page says 'preco meramente informativo, confirmar no ato da postagem'"
Correios,PAC,03005-000,Belo Horizonte,MG,60x40x40,3,16.0,116.60,5,https://www2.correios.com.br/sistemas/precosPrazos/ (form POST to sistemas/precosPrazos/prazos.cfm),2026-09-19T18:36:05.214441Z,FALSE,"MEASUREMENT public calculator, a vista (balcao) price, no contract; days = dias uteis after posting; billed weight 16 kg (rule: max(fisico,cubico) when cubico>5 kg); page says 'preco meramente informativo, confirmar no ato da postagem'"
Correios,PAC,03005-000,Belo Horizonte,MG,60x40x40,16,16.0,116.60,5,https://www2.correios.com.br/sistemas/precosPrazos/ (form POST to sistemas/precosPrazos/prazos.cfm),2026-09-19T18:36:08.213723Z,FALSE,"MEASUREMENT public calculator, a vista (balcao) price, no contract; days = dias uteis after posting; billed weight 16 kg (rule: max(fisico,cubico) when cubico>5 kg); page says 'preco meramente informativo, confirmar no ato da postagem'"
Correios,PAC,03005-000,Belo Horizonte,MG,40x30x30,3,6.0,50.50,5,https://www2.correios.com.br/sistemas/precosPrazos/ (form POST to sistemas/precosPrazos/prazos.cfm),2026-09-19T18:36:11.211399Z,FALSE,"MEASUREMENT public calculator, a vista (balcao) price, no contract; days = dias uteis after posting; billed weight 6 kg (rule: max(fisico,cubico) when cubico>5 kg); page says 'preco meramente informativo, confirmar no ato da postagem'"
Correios,PAC,03005-000,Belo Horizonte,MG,30x25x20,3,2.5,40.10,5,https://www2.correios.com.br/sistemas/precosPrazos/ (form POST to sistemas/precosPrazos/prazos.cfm),2026-09-19T18:36:13.996184Z,FALSE,"MEASUREMENT public calculator, a vista (balcao) price, no contract; days = dias uteis after posting; billed weight 3 kg (rule: max(fisico,cubico) when cubico>5 kg); page says 'preco meramente informativo, confirmar no ato da postagem'"
Correios,SEDEX,03005-000,Belo Horizonte,MG,60x40x40,3,16.0,226.80,1,https://www2.correios.com.br/sistemas/precosPrazos/ (form POST to sistemas/precosPrazos/prazos.cfm),2026-09-19T18:36:16.987292Z,FALSE,"MEASUREMENT public calculator, a vista (balcao) price, no contract; days = dias uteis after posting; billed weight 16 kg (rule: max(fisico,cubico) when cubico>5 kg); page says 'preco meramente informativo, confirmar no ato da postagem'"
Correios,SEDEX,03005-000,Belo Horizonte,MG,60x40x40,16,16.0,226.80,1,https://www2.correios.com.br/sistemas/precosPrazos/ (form POST to sistemas/precosPrazos/prazos.cfm),2026-09-19T18:36:19.975795Z,FALSE,"MEASUREMENT public calculator, a vista (balcao) price, no contract; days = dias uteis after posting; billed weight 16 kg (rule: max(fisico,cubico) when cubico>5 kg); page says 'preco meramente informativo, confirmar no ato da postagem'"
Correios,SEDEX,03005-000,Belo Horizonte,MG,40x30x30,3,6.0,90.60,1,https://www2.correios.com.br/sistemas/precosPrazos/ (form POST to sistemas/precosPrazos/prazos.cfm),2026-09-19T18:36:23.059767Z,FALSE,"MEASUREMENT public calculator, a vista (balcao) price, no contract; days = dias uteis after posting; billed weight 6 kg (rule: max(fisico,cubico) when cubico>5 kg); page says 'preco meramente informativo, confirmar no ato da postagem'"
Correios,SEDEX,03005-000,Belo Horizonte,MG,30x25x20,3,2.5,65.60,1,https://www2.correios.com.br/sistemas/precosPrazos/ (form POST to sistemas/precosPrazos/prazos.cfm),2026-09-19T18:36:26.108096Z,FALSE,"MEASUREMENT public calculator, a vista (balcao) price, no contract; days = dias uteis after posting; billed weight 3 kg (rule: max(fisico,cubico) when cubico>5 kg); page says 'preco meramente informativo, confirmar no ato da postagem'"
Correios,PAC,03005-000,Aracaju,SE,60x40x40,3,16.0,188.40,8,https://www2.correios.com.br/sistemas/precosPrazos/ (form POST to sistemas/precosPrazos/prazos.cfm),2026-09-19T18:36:28.925954Z,FALSE,"MEASUREMENT public calculator, a vista (balcao) price, no contract; days = dias uteis after posting; billed weight 16 kg (rule: max(fisico,cubico) when cubico>5 kg); page says 'preco meramente informativo, confirmar no ato da postagem'"
Correios,PAC,03005-000,Aracaju,SE,60x40x40,16,16.0,188.40,8,https://www2.correios.com.br/sistemas/precosPrazos/ (form POST to sistemas/precosPrazos/prazos.cfm),2026-09-19T18:36:31.793626Z,FALSE,"MEASUREMENT public calculator, a vista (balcao) price, no contract; days = dias uteis after posting; billed weight 16 kg (rule: max(fisico,cubico) when cubico>5 kg); page says 'preco meramente informativo, confirmar no ato da postagem'"
Correios,PAC,03005-000,Aracaju,SE,40x30x30,3,6.0,81.70,8,https://www2.correios.com.br/sistemas/precosPrazos/ (form POST to sistemas/precosPrazos/prazos.cfm),2026-09-19T18:36:34.643195Z,FALSE,"MEASUREMENT public calculator, a vista (balcao) price, no contract; days = dias uteis after posting; billed weight 6 kg (rule: max(fisico,cubico) when cubico>5 kg); page says 'preco meramente informativo, confirmar no ato da postagem'"
Correios,PAC,03005-000,Aracaju,SE,30x25x20,3,2.5,59.60,8,https://www2.correios.com.br/sistemas/precosPrazos/ (form POST to sistemas/precosPrazos/prazos.cfm),2026-09-19T18:36:37.438926Z,FALSE,"MEASUREMENT public calculator, a vista (balcao) price, no contract; days = dias uteis after posting; billed weight 3 kg (rule: max(fisico,cubico) when cubico>5 kg); page says 'preco meramente informativo, confirmar no ato da postagem'"
Correios,SEDEX,03005-000,Aracaju,SE,60x40x40,3,16.0,516.40,2,https://www2.correios.com.br/sistemas/precosPrazos/ (form POST to sistemas/precosPrazos/prazos.cfm),2026-09-19T18:36:40.200408Z,FALSE,"MEASUREMENT public calculator, a vista (balcao) price, no contract; days = dias uteis after posting; billed weight 16 kg (rule: max(fisico,cubico) when cubico>5 kg); page says 'preco meramente informativo, confirmar no ato da postagem'"
Correios,SEDEX,03005-000,Aracaju,SE,60x40x40,16,16.0,516.40,2,https://www2.correios.com.br/sistemas/precosPrazos/ (form POST to sistemas/precosPrazos/prazos.cfm),2026-09-19T18:36:42.983926Z,FALSE,"MEASUREMENT public calculator, a vista (balcao) price, no contract; days = dias uteis after posting; billed weight 16 kg (rule: max(fisico,cubico) when cubico>5 kg); page says 'preco meramente informativo, confirmar no ato da postagem'"
Correios,SEDEX,03005-000,Aracaju,SE,40x30x30,3,6.0,207.70,2,https://www2.correios.com.br/sistemas/precosPrazos/ (form POST to sistemas/precosPrazos/prazos.cfm),2026-09-19T18:36:45.796453Z,FALSE,"MEASUREMENT public calculator, a vista (balcao) price, no contract; days = dias uteis after posting; billed weight 6 kg (rule: max(fisico,cubico) when cubico>5 kg); page says 'preco meramente informativo, confirmar no ato da postagem'"
Correios,SEDEX,03005-000,Aracaju,SE,30x25x20,3,2.5,149.70,2,https://www2.correios.com.br/sistemas/precosPrazos/ (form POST to sistemas/precosPrazos/prazos.cfm),2026-09-19T18:36:48.739343Z,FALSE,"MEASUREMENT public calculator, a vista (balcao) price, no contract; days = dias uteis after posting; billed weight 3 kg (rule: max(fisico,cubico) when cubico>5 kg); page says 'preco meramente informativo, confirmar no ato da postagem'"
Correios,PAC,03005-000,Natal,RN,60x40x40,3,16.0,188.40,7,https://www2.correios.com.br/sistemas/precosPrazos/ (form POST to sistemas/precosPrazos/prazos.cfm),2026-09-19T18:36:51.571766Z,FALSE,"MEASUREMENT public calculator, a vista (balcao) price, no contract; days = dias uteis after posting; billed weight 16 kg (rule: max(fisico,cubico) when cubico>5 kg); page says 'preco meramente informativo, confirmar no ato da postagem'"
Correios,PAC,03005-000,Natal,RN,60x40x40,16,16.0,188.40,7,https://www2.correios.com.br/sistemas/precosPrazos/ (form POST to sistemas/precosPrazos/prazos.cfm),2026-09-19T18:37:05.143703Z,FALSE,"MEASUREMENT public calculator, a vista (balcao) price, no contract; days = dias uteis after posting; billed weight 16 kg (rule: max(fisico,cubico) when cubico>5 kg); page says 'preco meramente informativo, confirmar no ato da postagem'"
Correios,PAC,03005-000,Natal,RN,40x30x30,3,6.0,81.70,7,https://www2.correios.com.br/sistemas/precosPrazos/ (form POST to sistemas/precosPrazos/prazos.cfm),2026-09-19T18:37:18.789533Z,FALSE,"MEASUREMENT public calculator, a vista (balcao) price, no contract; days = dias uteis after posting; billed weight 6 kg (rule: max(fisico,cubico) when cubico>5 kg); page says 'preco meramente informativo, confirmar no ato da postagem'"
Correios,PAC,03005-000,Natal,RN,30x25x20,3,2.5,59.60,7,https://www2.correios.com.br/sistemas/precosPrazos/ (form POST to sistemas/precosPrazos/prazos.cfm),2026-09-19T18:37:21.660302Z,FALSE,"MEASUREMENT public calculator, a vista (balcao) price, no contract; days = dias uteis after posting; billed weight 3 kg (rule: max(fisico,cubico) when cubico>5 kg); page says 'preco meramente informativo, confirmar no ato da postagem'"
Correios,SEDEX,03005-000,Natal,RN,60x40x40,3,16.0,516.40,2,https://www2.correios.com.br/sistemas/precosPrazos/ (form POST to sistemas/precosPrazos/prazos.cfm),2026-09-19T18:37:24.553514Z,FALSE,"MEASUREMENT public calculator, a vista (balcao) price, no contract; days = dias uteis after posting; billed weight 16 kg (rule: max(fisico,cubico) when cubico>5 kg); page says 'preco meramente informativo, confirmar no ato da postagem'"
Correios,SEDEX,03005-000,Natal,RN,60x40x40,16,16.0,516.40,2,https://www2.correios.com.br/sistemas/precosPrazos/ (form POST to sistemas/precosPrazos/prazos.cfm),2026-09-19T18:37:27.958322Z,FALSE,"MEASUREMENT public calculator, a vista (balcao) price, no contract; days = dias uteis after posting; billed weight 16 kg (rule: max(fisico,cubico) when cubico>5 kg); page says 'preco meramente informativo, confirmar no ato da postagem'"
Correios,SEDEX,03005-000,Natal,RN,40x30x30,3,6.0,207.70,2,https://www2.correios.com.br/sistemas/precosPrazos/ (form POST to sistemas/precosPrazos/prazos.cfm),2026-09-19T18:37:31.026396Z,FALSE,"MEASUREMENT public calculator, a vista (balcao) price, no contract; days = dias uteis after posting; billed weight 6 kg (rule: max(fisico,cubico) when cubico>5 kg); page says 'preco meramente informativo, confirmar no ato da postagem'"
Correios,SEDEX,03005-000,Natal,RN,30x25x20,3,2.5,149.70,2,https://www2.correios.com.br/sistemas/precosPrazos/ (form POST to sistemas/precosPrazos/prazos.cfm),2026-09-19T18:37:34.123721Z,FALSE,"MEASUREMENT public calculator, a vista (balcao) price, no contract; days = dias uteis after posting; billed weight 3 kg (rule: max(fisico,cubico) when cubico>5 kg); page says 'preco meramente informativo, confirmar no ato da postagem'"
Correios,PAC,03005-000,Recife,PE,60x40x20,1,8.0,79.20,6,https://www2.correios.com.br/sistemas/precosPrazos/ (form POST to sistemas/precosPrazos/prazos.cfm),2026-09-19T18:44:07.500073Z,FALSE,"MEASUREMENT public calculator, a vista (balcao) price, no contract; days = dias uteis after posting; billed weight 8 kg (rule: max(fisico,cubico) when cubico>5 kg); page says 'preco meramente informativo, confirmar no ato da postagem'"
Correios,PAC,03005-000,Recife,PE,40x30x25,2,5.0,41.80,6,https://www2.correios.com.br/sistemas/precosPrazos/ (form POST to sistemas/precosPrazos/prazos.cfm),2026-09-19T18:44:10.548551Z,FALSE,"MEASUREMENT public calculator, a vista (balcao) price, no contract; days = dias uteis after posting; billed weight 2 kg (rule: max(fisico,cubico) when cubico>5 kg); page says 'preco meramente informativo, confirmar no ato da postagem'"
Correios,PAC,03005-000,Fortaleza,CE,60x40x20,1,8.0,79.20,7,https://www2.correios.com.br/sistemas/precosPrazos/ (form POST to sistemas/precosPrazos/prazos.cfm),2026-09-19T18:44:13.547162Z,FALSE,"MEASUREMENT public calculator, a vista (balcao) price, no contract; days = dias uteis after posting; billed weight 8 kg (rule: max(fisico,cubico) when cubico>5 kg); page says 'preco meramente informativo, confirmar no ato da postagem'"
Correios,PAC,03005-000,Fortaleza,CE,40x30x25,2,5.0,41.80,7,https://www2.correios.com.br/sistemas/precosPrazos/ (form POST to sistemas/precosPrazos/prazos.cfm),2026-09-19T18:44:16.468995Z,FALSE,"MEASUREMENT public calculator, a vista (balcao) price, no contract; days = dias uteis after posting; billed weight 2 kg (rule: max(fisico,cubico) when cubico>5 kg); page says 'preco meramente informativo, confirmar no ato da postagem'"
Correios,PAC,03005-000,São Luís,MA,60x40x20,1,8.0,98.00,8,https://www2.correios.com.br/sistemas/precosPrazos/ (form POST to sistemas/precosPrazos/prazos.cfm),2026-09-19T18:44:19.422710Z,FALSE,"MEASUREMENT public calculator, a vista (balcao) price, no contract; days = dias uteis after posting; billed weight 8 kg (rule: max(fisico,cubico) when cubico>5 kg); page says 'preco meramente informativo, confirmar no ato da postagem'"
Correios,PAC,03005-000,São Luís,MA,40x30x25,2,5.0,49.80,8,https://www2.correios.com.br/sistemas/precosPrazos/ (form POST to sistemas/precosPrazos/prazos.cfm),2026-09-19T18:44:22.228587Z,FALSE,"MEASUREMENT public calculator, a vista (balcao) price, no contract; days = dias uteis after posting; billed weight 2 kg (rule: max(fisico,cubico) when cubico>5 kg); page says 'preco meramente informativo, confirmar no ato da postagem'"
Correios,PAC,03005-000,Belém,PA,60x40x20,1,8.0,79.20,8,https://www2.correios.com.br/sistemas/precosPrazos/ (form POST to sistemas/precosPrazos/prazos.cfm),2026-09-19T18:44:25.164309Z,FALSE,"MEASUREMENT public calculator, a vista (balcao) price, no contract; days = dias uteis after posting; billed weight 8 kg (rule: max(fisico,cubico) when cubico>5 kg); page says 'preco meramente informativo, confirmar no ato da postagem'"
Correios,PAC,03005-000,Belém,PA,40x30x25,2,5.0,41.80,8,https://www2.correios.com.br/sistemas/precosPrazos/ (form POST to sistemas/precosPrazos/prazos.cfm),2026-09-19T18:44:28.110283Z,FALSE,"MEASUREMENT public calculator, a vista (balcao) price, no contract; days = dias uteis after posting; billed weight 2 kg (rule: max(fisico,cubico) when cubico>5 kg); page says 'preco meramente informativo, confirmar no ato da postagem'"
Correios,PAC,03005-000,Salvador,BA,60x40x20,1,8.0,69.40,6,https://www2.correios.com.br/sistemas/precosPrazos/ (form POST to sistemas/precosPrazos/prazos.cfm),2026-09-19T18:44:31.098116Z,FALSE,"MEASUREMENT public calculator, a vista (balcao) price, no contract; days = dias uteis after posting; billed weight 8 kg (rule: max(fisico,cubico) when cubico>5 kg); page says 'preco meramente informativo, confirmar no ato da postagem'"
Correios,PAC,03005-000,Salvador,BA,40x30x25,2,5.0,37.60,6,https://www2.correios.com.br/sistemas/precosPrazos/ (form POST to sistemas/precosPrazos/prazos.cfm),2026-09-19T18:44:34.052075Z,FALSE,"MEASUREMENT public calculator, a vista (balcao) price, no contract; days = dias uteis after posting; billed weight 2 kg (rule: max(fisico,cubico) when cubico>5 kg); page says 'preco meramente informativo, confirmar no ato da postagem'"
Correios,PAC,03005-000,Belo Horizonte,MG,60x40x20,1,8.0,60.60,5,https://www2.correios.com.br/sistemas/precosPrazos/ (form POST to sistemas/precosPrazos/prazos.cfm),2026-09-19T18:44:37.001615Z,FALSE,"MEASUREMENT public calculator, a vista (balcao) price, no contract; days = dias uteis after posting; billed weight 8 kg (rule: max(fisico,cubico) when cubico>5 kg); page says 'preco meramente informativo, confirmar no ato da postagem'"
Correios,PAC,03005-000,Belo Horizonte,MG,40x30x25,2,5.0,33.60,5,https://www2.correios.com.br/sistemas/precosPrazos/ (form POST to sistemas/precosPrazos/prazos.cfm),2026-09-19T18:44:39.789474Z,FALSE,"MEASUREMENT public calculator, a vista (balcao) price, no contract; days = dias uteis after posting; billed weight 2 kg (rule: max(fisico,cubico) when cubico>5 kg); page says 'preco meramente informativo, confirmar no ato da postagem'"
Correios,PAC,03005-000,Aracaju,SE,60x40x20,1,8.0,98.00,8,https://www2.correios.com.br/sistemas/precosPrazos/ (form POST to sistemas/precosPrazos/prazos.cfm),2026-09-19T18:44:42.787480Z,FALSE,"MEASUREMENT public calculator, a vista (balcao) price, no contract; days = dias uteis after posting; billed weight 8 kg (rule: max(fisico,cubico) when cubico>5 kg); page says 'preco meramente informativo, confirmar no ato da postagem'"
Correios,PAC,03005-000,Aracaju,SE,40x30x25,2,5.0,49.80,8,https://www2.correios.com.br/sistemas/precosPrazos/ (form POST to sistemas/precosPrazos/prazos.cfm),2026-09-19T18:44:45.590959Z,FALSE,"MEASUREMENT public calculator, a vista (balcao) price, no contract; days = dias uteis after posting; billed weight 2 kg (rule: max(fisico,cubico) when cubico>5 kg); page says 'preco meramente informativo, confirmar no ato da postagem'"
Correios,PAC,03005-000,Natal,RN,60x40x20,1,8.0,98.00,7,https://www2.correios.com.br/sistemas/precosPrazos/ (form POST to sistemas/precosPrazos/prazos.cfm),2026-09-19T18:44:48.608744Z,FALSE,"MEASUREMENT public calculator, a vista (balcao) price, no contract; days = dias uteis after posting; billed weight 8 kg (rule: max(fisico,cubico) when cubico>5 kg); page says 'preco meramente informativo, confirmar no ato da postagem'"
Correios,PAC,03005-000,Natal,RN,40x30x25,2,5.0,49.80,7,https://www2.correios.com.br/sistemas/precosPrazos/ (form POST to sistemas/precosPrazos/prazos.cfm),2026-09-19T18:44:51.698546Z,FALSE,"MEASUREMENT public calculator, a vista (balcao) price, no contract; days = dias uteis after posting; billed weight 2 kg (rule: max(fisico,cubico) when cubico>5 kg); page says 'preco meramente informativo, confirmar no ato da postagem'"
Correios,PAC,03005-000,Recife,PE,60x40x40,3,16.0,133.73,8,"https://www.melhorenvio.com.br/api/v2/calculator (public GET, no login; same engine as the calculator on https://melhorenvio.com.br/)",2026-09-19T18:41:51.070942Z,FALSE,"MEASUREMENT public calculator (pre-registration, CPF or CNPJ, no contract, no minimum); delivery_range 6-9 days; insurance_value R$359 declared (R$180 for split boxes); site disclaimer: 'valores sao estimativas e podem variar devido a taxas, cubagem, quantidade de envios'"
Correios,SEDEX,03005-000,Recife,PE,60x40x40,3,16.0,348.08,3,"https://www.melhorenvio.com.br/api/v2/calculator (public GET, no login; same engine as the calculator on https://melhorenvio.com.br/)",2026-09-19T18:41:51.070942Z,FALSE,"MEASUREMENT public calculator (pre-registration, CPF or CNPJ, no contract, no minimum); delivery_range 1-4 days; insurance_value R$359 declared (R$180 for split boxes); site disclaimer: 'valores sao estimativas e podem variar devido a taxas, cubagem, quantidade de envios'"
Jadlog,.Package,03005-000,Recife,PE,60x40x40,3,16.0,224.20,9,"https://www.melhorenvio.com.br/api/v2/calculator (public GET, no login; same engine as the calculator on https://melhorenvio.com.br/)",2026-09-19T18:41:51.070942Z,FALSE,"MEASUREMENT public calculator (pre-registration, CPF or CNPJ, no contract, no minimum); delivery_range 8-10 days; insurance_value R$359 declared (R$180 for split boxes); site disclaimer: 'valores sao estimativas e podem variar devido a taxas, cubagem, quantidade de envios'"
Jadlog,.Com,03005-000,Recife,PE,60x40x40,3,16.0,278.85,8,"https://www.melhorenvio.com.br/api/v2/calculator (public GET, no login; same engine as the calculator on https://melhorenvio.com.br/)",2026-09-19T18:41:51.070942Z,FALSE,"MEASUREMENT public calculator (pre-registration, CPF or CNPJ, no contract, no minimum); delivery_range 7-9 days; insurance_value R$359 declared (R$180 for split boxes); site disclaimer: 'valores sao estimativas e podem variar devido a taxas, cubagem, quantidade de envios'"
LATAM Cargo,éFácil,03005-000,Recife,PE,60x40x40,3,16.0,100.44,2,"https://www.melhorenvio.com.br/api/v2/calculator (public GET, no login; same engine as the calculator on https://melhorenvio.com.br/)",2026-09-19T18:41:51.070942Z,FALSE,"MEASUREMENT public calculator (pre-registration, CPF or CNPJ, no contract, no minimum); delivery_range 1-3 days; insurance_value R$359 declared (R$180 for split boxes); site disclaimer: 'valores sao estimativas e podem variar devido a taxas, cubagem, quantidade de envios'"
Jadlog,.Package Centralizado,03005-000,Recife,PE,60x40x40,3,16.0,188.87,7,"https://www.melhorenvio.com.br/api/v2/calculator (public GET, no login; same engine as the calculator on https://melhorenvio.com.br/)",2026-09-19T18:41:51.070942Z,FALSE,"MEASUREMENT public calculator (pre-registration, CPF or CNPJ, no contract, no minimum); delivery_range 6-8 days; insurance_value R$359 declared (R$180 for split boxes); site disclaimer: 'valores sao estimativas e podem variar devido a taxas, cubagem, quantidade de envios'"
Loggi,Express,03005-000,Recife,PE,60x40x40,3,16.0,143.15,6,"https://www.melhorenvio.com.br/api/v2/calculator (public GET, no login; same engine as the calculator on https://melhorenvio.com.br/)",2026-09-19T18:41:51.070942Z,FALSE,"MEASUREMENT public calculator (pre-registration, CPF or CNPJ, no contract, no minimum); delivery_range 5-7 days; insurance_value R$359 declared (R$180 for split boxes); site disclaimer: 'valores sao estimativas e podem variar devido a taxas, cubagem, quantidade de envios'"
Loggi,Coleta,03005-000,Recife,PE,60x40x40,3,16.0,191.50,7,"https://www.melhorenvio.com.br/api/v2/calculator (public GET, no login; same engine as the calculator on https://melhorenvio.com.br/)",2026-09-19T18:41:51.070942Z,FALSE,"MEASUREMENT public calculator (pre-registration, CPF or CNPJ, no contract, no minimum); delivery_range 6-8 days; insurance_value R$359 declared (R$180 for split boxes); site disclaimer: 'valores sao estimativas e podem variar devido a taxas, cubagem, quantidade de envios'"
JeT,Standard,03005-000,Recife,PE,60x40x40,3,16.0,258.86,5,"https://www.melhorenvio.com.br/api/v2/calculator (public GET, no login; same engine as the calculator on https://melhorenvio.com.br/)",2026-09-19T18:41:51.070942Z,FALSE,"MEASUREMENT public calculator (pre-registration, CPF or CNPJ, no contract, no minimum); delivery_range 4-6 days; insurance_value R$359 declared (R$180 for split boxes); site disclaimer: 'valores sao estimativas e podem variar devido a taxas, cubagem, quantidade de envios'"
Loggi,Loggi Ponto,03005-000,Recife,PE,60x40x40,3,16.0,124.62,8,"https://www.melhorenvio.com.br/api/v2/calculator (public GET, no login; same engine as the calculator on https://melhorenvio.com.br/)",2026-09-19T18:41:51.070942Z,FALSE,"MEASUREMENT public calculator (pre-registration, CPF or CNPJ, no contract, no minimum); delivery_range 7-9 days; insurance_value R$359 declared (R$180 for split boxes); site disclaimer: 'valores sao estimativas e podem variar devido a taxas, cubagem, quantidade de envios'"
Total Express,Standard,03005-000,Recife,PE,60x40x40,3,16.0,278.89,13,"https://www.melhorenvio.com.br/api/v2/calculator (public GET, no login; same engine as the calculator on https://melhorenvio.com.br/)",2026-09-19T18:41:51.070942Z,FALSE,"MEASUREMENT public calculator (pre-registration, CPF or CNPJ, no contract, no minimum); delivery_range 12-13 days; insurance_value R$359 declared (R$180 for split boxes); site disclaimer: 'valores sao estimativas e podem variar devido a taxas, cubagem, quantidade de envios'"
Correios,PAC,03005-000,Recife,PE,40x30x30,3,6.0,60.63,8,"https://www.melhorenvio.com.br/api/v2/calculator (public GET, no login; same engine as the calculator on https://melhorenvio.com.br/)",2026-09-19T18:41:53.072317Z,FALSE,"MEASUREMENT public calculator (pre-registration, CPF or CNPJ, no contract, no minimum); delivery_range 6-9 days; insurance_value R$359 declared (R$180 for split boxes); site disclaimer: 'valores sao estimativas e podem variar devido a taxas, cubagem, quantidade de envios'"
Correios,SEDEX,03005-000,Recife,PE,40x30x30,3,6.0,142.55,3,"https://www.melhorenvio.com.br/api/v2/calculator (public GET, no login; same engine as the calculator on https://melhorenvio.com.br/)",2026-09-19T18:41:53.072317Z,FALSE,"MEASUREMENT public calculator (pre-registration, CPF or CNPJ, no contract, no minimum); delivery_range 1-4 days; insurance_value R$359 declared (R$180 for split boxes); site disclaimer: 'valores sao estimativas e podem variar devido a taxas, cubagem, quantidade de envios'"
Jadlog,.Package,03005-000,Recife,PE,40x30x30,3,6.0,79.11,9,"https://www.melhorenvio.com.br/api/v2/calculator (public GET, no login; same engine as the calculator on https://melhorenvio.com.br/)",2026-09-19T18:41:53.072317Z,FALSE,"MEASUREMENT public calculator (pre-registration, CPF or CNPJ, no contract, no minimum); delivery_range 8-10 days; insurance_value R$359 declared (R$180 for split boxes); site disclaimer: 'valores sao estimativas e podem variar devido a taxas, cubagem, quantidade de envios'"
Jadlog,.Com,03005-000,Recife,PE,40x30x30,3,6.0,115.93,8,"https://www.melhorenvio.com.br/api/v2/calculator (public GET, no login; same engine as the calculator on https://melhorenvio.com.br/)",2026-09-19T18:41:53.072317Z,FALSE,"MEASUREMENT public calculator (pre-registration, CPF or CNPJ, no contract, no minimum); delivery_range 7-9 days; insurance_value R$359 declared (R$180 for split boxes); site disclaimer: 'valores sao estimativas e podem variar devido a taxas, cubagem, quantidade de envios'"
LATAM Cargo,éFácil,03005-000,Recife,PE,40x30x30,3,6.0,50.25,2,"https://www.melhorenvio.com.br/api/v2/calculator (public GET, no login; same engine as the calculator on https://melhorenvio.com.br/)",2026-09-19T18:41:53.072317Z,FALSE,"MEASUREMENT public calculator (pre-registration, CPF or CNPJ, no contract, no minimum); delivery_range 1-3 days; insurance_value R$359 declared (R$180 for split boxes); site disclaimer: 'valores sao estimativas e podem variar devido a taxas, cubagem, quantidade de envios'"
Jadlog,.Package Centralizado,03005-000,Recife,PE,40x30x30,3,6.0,88.69,7,"https://www.melhorenvio.com.br/api/v2/calculator (public GET, no login; same engine as the calculator on https://melhorenvio.com.br/)",2026-09-19T18:41:53.072317Z,FALSE,"MEASUREMENT public calculator (pre-registration, CPF or CNPJ, no contract, no minimum); delivery_range 6-8 days; insurance_value R$359 declared (R$180 for split boxes); site disclaimer: 'valores sao estimativas e podem variar devido a taxas, cubagem, quantidade de envios'"
Loggi,Express,03005-000,Recife,PE,40x30x30,3,6.0,60.91,6,"https://www.melhorenvio.com.br/api/v2/calculator (public GET, no login; same engine as the calculator on https://melhorenvio.com.br/)",2026-09-19T18:41:53.072317Z,FALSE,"MEASUREMENT public calculator (pre-registration, CPF or CNPJ, no contract, no minimum); delivery_range 5-7 days; insurance_value R$359 declared (R$180 for split boxes); site disclaimer: 'valores sao estimativas e podem variar devido a taxas, cubagem, quantidade de envios'"
Loggi,Coleta,03005-000,Recife,PE,40x30x30,3,6.0,92.94,7,"https://www.melhorenvio.com.br/api/v2/calculator (public GET, no login; same engine as the calculator on https://melhorenvio.com.br/)",2026-09-19T18:41:53.072317Z,FALSE,"MEASUREMENT public calculator (pre-registration, CPF or CNPJ, no contract, no minimum); delivery_range 6-8 days; insurance_value R$359 declared (R$180 for split boxes); site disclaimer: 'valores sao estimativas e podem variar devido a taxas, cubagem, quantidade de envios'"
JeT,Standard,03005-000,Recife,PE,40x30x30,3,6.0,70.80,5,"https://www.melhorenvio.com.br/api/v2/calculator (public GET, no login; same engine as the calculator on https://melhorenvio.com.br/)",2026-09-19T18:41:53.072317Z,FALSE,"MEASUREMENT public calculator (pre-registration, CPF or CNPJ, no contract, no minimum); delivery_range 4-6 days; insurance_value R$359 declared (R$180 for split boxes); site disclaimer: 'valores sao estimativas e podem variar devido a taxas, cubagem, quantidade de envios'"
Loggi,Loggi Ponto,03005-000,Recife,PE,40x30x30,3,6.0,52.53,8,"https://www.melhorenvio.com.br/api/v2/calculator (public GET, no login; same engine as the calculator on https://melhorenvio.com.br/)",2026-09-19T18:41:53.072317Z,FALSE,"MEASUREMENT public calculator (pre-registration, CPF or CNPJ, no contract, no minimum); delivery_range 7-9 days; insurance_value R$359 declared (R$180 for split boxes); site disclaimer: 'valores sao estimativas e podem variar devido a taxas, cubagem, quantidade de envios'"
Total Express,Standard,03005-000,Recife,PE,40x30x30,3,6.0,110.90,13,"https://www.melhorenvio.com.br/api/v2/calculator (public GET, no login; same engine as the calculator on https://melhorenvio.com.br/)",2026-09-19T18:41:53.072317Z,FALSE,"MEASUREMENT public calculator (pre-registration, CPF or CNPJ, no contract, no minimum); delivery_range 12-13 days; insurance_value R$359 declared (R$180 for split boxes); site disclaimer: 'valores sao estimativas e podem variar devido a taxas, cubagem, quantidade de envios'"
Correios,PAC,03005-000,Fortaleza,CE,60x40x40,3,16.0,133.73,9,"https://www.melhorenvio.com.br/api/v2/calculator (public GET, no login; same engine as the calculator on https://melhorenvio.com.br/)",2026-09-19T18:41:54.817122Z,FALSE,"MEASUREMENT public calculator (pre-registration, CPF or CNPJ, no contract, no minimum); delivery_range 7-10 days; insurance_value R$359 declared (R$180 for split boxes); site disclaimer: 'valores sao estimativas e podem variar devido a taxas, cubagem, quantidade de envios'"
Correios,SEDEX,03005-000,Fortaleza,CE,60x40x40,3,16.0,348.08,3,"https://www.melhorenvio.com.br/api/v2/calculator (public GET, no login; same engine as the calculator on https://melhorenvio.com.br/)",2026-09-19T18:41:54.817122Z,FALSE,"MEASUREMENT public calculator (pre-registration, CPF or CNPJ, no contract, no minimum); delivery_range 1-4 days; insurance_value R$359 declared (R$180 for split boxes); site disclaimer: 'valores sao estimativas e podem variar devido a taxas, cubagem, quantidade de envios'"
Jadlog,.Package,03005-000,Fortaleza,CE,60x40x40,3,16.0,218.24,8,"https://www.melhorenvio.com.br/api/v2/calculator (public GET, no login; same engine as the calculator on https://melhorenvio.com.br/)",2026-09-19T18:41:54.817122Z,FALSE,"MEASUREMENT public calculator (pre-registration, CPF or CNPJ, no contract, no minimum); delivery_range 7-9 days; insurance_value R$359 declared (R$180 for split boxes); site disclaimer: 'valores sao estimativas e podem variar devido a taxas, cubagem, quantidade de envios'"
Jadlog,.Com,03005-000,Fortaleza,CE,60x40x40,3,16.0,309.77,7,"https://www.melhorenvio.com.br/api/v2/calculator (public GET, no login; same engine as the calculator on https://melhorenvio.com.br/)",2026-09-19T18:41:54.817122Z,FALSE,"MEASUREMENT public calculator (pre-registration, CPF or CNPJ, no contract, no minimum); delivery_range 6-8 days; insurance_value R$359 declared (R$180 for split boxes); site disclaimer: 'valores sao estimativas e podem variar devido a taxas, cubagem, quantidade de envios'"
LATAM Cargo,éFácil,03005-000,Fortaleza,CE,60x40x40,3,16.0,114.23,2,"https://www.melhorenvio.com.br/api/v2/calculator (public GET, no login; same engine as the calculator on https://melhorenvio.com.br/)",2026-09-19T18:41:54.817122Z,FALSE,"MEASUREMENT public calculator (pre-registration, CPF or CNPJ, no contract, no minimum); delivery_range 1-3 days; insurance_value R$359 declared (R$180 for split boxes); site disclaimer: 'valores sao estimativas e podem variar devido a taxas, cubagem, quantidade de envios'"
Jadlog,.Package Centralizado,03005-000,Fortaleza,CE,60x40x40,3,16.0,240.31,7,"https://www.melhorenvio.com.br/api/v2/calculator (public GET, no login; same engine as the calculator on https://melhorenvio.com.br/)",2026-09-19T18:41:54.817122Z,FALSE,"MEASUREMENT public calculator (pre-registration, CPF or CNPJ, no contract, no minimum); delivery_range 6-8 days; insurance_value R$359 declared (R$180 for split boxes); site disclaimer: 'valores sao estimativas e podem variar devido a taxas, cubagem, quantidade de envios'"
JeT,Standard,03005-000,Fortaleza,CE,60x40x40,3,16.0,281.74,5,"https://www.melhorenvio.com.br/api/v2/calculator (public GET, no login; same engine as the calculator on https://melhorenvio.com.br/)",2026-09-19T18:41:54.817122Z,FALSE,"MEASUREMENT public calculator (pre-registration, CPF or CNPJ, no contract, no minimum); delivery_range 4-6 days; insurance_value R$359 declared (R$180 for split boxes); site disclaimer: 'valores sao estimativas e podem variar devido a taxas, cubagem, quantidade de envios'"
Total Express,Standard,03005-000,Fortaleza,CE,60x40x40,3,16.0,279.98,12,"https://www.melhorenvio.com.br/api/v2/calculator (public GET, no login; same engine as the calculator on https://melhorenvio.com.br/)",2026-09-19T18:41:54.817122Z,FALSE,"MEASUREMENT public calculator (pre-registration, CPF or CNPJ, no contract, no minimum); delivery_range 11-12 days; insurance_value R$359 declared (R$180 for split boxes); site disclaimer: 'valores sao estimativas e podem variar devido a taxas, cubagem, quantidade de envios'"
Correios,PAC,03005-000,Fortaleza,CE,40x30x30,3,6.0,60.63,9,"https://www.melhorenvio.com.br/api/v2/calculator (public GET, no login; same engine as the calculator on https://melhorenvio.com.br/)",2026-09-19T18:41:56.634761Z,FALSE,"MEASUREMENT public calculator (pre-registration, CPF or CNPJ, no contract, no minimum); delivery_range 7-10 days; insurance_value R$359 declared (R$180 for split boxes); site disclaimer: 'valores sao estimativas e podem variar devido a taxas, cubagem, quantidade de envios'"
Correios,SEDEX,03005-000,Fortaleza,CE,40x30x30,3,6.0,142.55,3,"https://www.melhorenvio.com.br/api/v2/calculator (public GET, no login; same engine as the calculator on https://melhorenvio.com.br/)",2026-09-19T18:41:56.634761Z,FALSE,"MEASUREMENT public calculator (pre-registration, CPF or CNPJ, no contract, no minimum); delivery_range 1-4 days; insurance_value R$359 declared (R$180 for split boxes); site disclaimer: 'valores sao estimativas e podem variar devido a taxas, cubagem, quantidade de envios'"
Jadlog,.Package,03005-000,Fortaleza,CE,40x30x30,3,6.0,73.15,8,"https://www.melhorenvio.com.br/api/v2/calculator (public GET, no login; same engine as the calculator on https://melhorenvio.com.br/)",2026-09-19T18:41:56.634761Z,FALSE,"MEASUREMENT public calculator (pre-registration, CPF or CNPJ, no contract, no minimum); delivery_range 7-9 days; insurance_value R$359 declared (R$180 for split boxes); site disclaimer: 'valores sao estimativas e podem variar devido a taxas, cubagem, quantidade de envios'"
Jadlog,.Com,03005-000,Fortaleza,CE,40x30x30,3,6.0,122.54,7,"https://www.melhorenvio.com.br/api/v2/calculator (public GET, no login; same engine as the calculator on https://melhorenvio.com.br/)",2026-09-19T18:41:56.634761Z,FALSE,"MEASUREMENT public calculator (pre-registration, CPF or CNPJ, no contract, no minimum); delivery_range 6-8 days; insurance_value R$359 declared (R$180 for split boxes); site disclaimer: 'valores sao estimativas e podem variar devido a taxas, cubagem, quantidade de envios'"
LATAM Cargo,éFácil,03005-000,Fortaleza,CE,40x30x30,3,6.0,54.18,2,"https://www.melhorenvio.com.br/api/v2/calculator (public GET, no login; same engine as the calculator on https://melhorenvio.com.br/)",2026-09-19T18:41:56.634761Z,FALSE,"MEASUREMENT public calculator (pre-registration, CPF or CNPJ, no contract, no minimum); delivery_range 1-3 days; insurance_value R$359 declared (R$180 for split boxes); site disclaimer: 'valores sao estimativas e podem variar devido a taxas, cubagem, quantidade de envios'"
Jadlog,.Package Centralizado,03005-000,Fortaleza,CE,40x30x30,3,6.0,102.92,7,"https://www.melhorenvio.com.br/api/v2/calculator (public GET, no login; same engine as the calculator on https://melhorenvio.com.br/)",2026-09-19T18:41:56.634761Z,FALSE,"MEASUREMENT public calculator (pre-registration, CPF or CNPJ, no contract, no minimum); delivery_range 6-8 days; insurance_value R$359 declared (R$180 for split boxes); site disclaimer: 'valores sao estimativas e podem variar devido a taxas, cubagem, quantidade de envios'"
JeT,Standard,03005-000,Fortaleza,CE,40x30x30,3,6.0,73.31,5,"https://www.melhorenvio.com.br/api/v2/calculator (public GET, no login; same engine as the calculator on https://melhorenvio.com.br/)",2026-09-19T18:41:56.634761Z,FALSE,"MEASUREMENT public calculator (pre-registration, CPF or CNPJ, no contract, no minimum); delivery_range 4-6 days; insurance_value R$359 declared (R$180 for split boxes); site disclaimer: 'valores sao estimativas e podem variar devido a taxas, cubagem, quantidade de envios'"
Total Express,Standard,03005-000,Fortaleza,CE,40x30x30,3,6.0,111.34,12,"https://www.melhorenvio.com.br/api/v2/calculator (public GET, no login; same engine as the calculator on https://melhorenvio.com.br/)",2026-09-19T18:41:56.634761Z,FALSE,"MEASUREMENT public calculator (pre-registration, CPF or CNPJ, no contract, no minimum); delivery_range 11-12 days; insurance_value R$359 declared (R$180 for split boxes); site disclaimer: 'valores sao estimativas e podem variar devido a taxas, cubagem, quantidade de envios'"
Correios,PAC,03005-000,São Luís,MA,60x40x40,3,16.0,164.71,10,"https://www.melhorenvio.com.br/api/v2/calculator (public GET, no login; same engine as the calculator on https://melhorenvio.com.br/)",2026-09-19T18:41:58.511925Z,FALSE,"MEASUREMENT public calculator (pre-registration, CPF or CNPJ, no contract, no minimum); delivery_range 8-11 days; insurance_value R$359 declared (R$180 for split boxes); site disclaimer: 'valores sao estimativas e podem variar devido a taxas, cubagem, quantidade de envios'"
Correios,SEDEX,03005-000,São Luís,MA,60x40x40,3,16.0,420.57,6,"https://www.melhorenvio.com.br/api/v2/calculator (public GET, no login; same engine as the calculator on https://melhorenvio.com.br/)",2026-09-19T18:41:58.511925Z,FALSE,"MEASUREMENT public calculator (pre-registration, CPF or CNPJ, no contract, no minimum); delivery_range 4-7 days; insurance_value R$359 declared (R$180 for split boxes); site disclaimer: 'valores sao estimativas e podem variar devido a taxas, cubagem, quantidade de envios'"
Jadlog,.Package,03005-000,São Luís,MA,60x40x40,3,16.0,242.75,11,"https://www.melhorenvio.com.br/api/v2/calculator (public GET, no login; same engine as the calculator on https://melhorenvio.com.br/)",2026-09-19T18:41:58.511925Z,FALSE,"MEASUREMENT public calculator (pre-registration, CPF or CNPJ, no contract, no minimum); delivery_range 10-12 days; insurance_value R$359 declared (R$180 for split boxes); site disclaimer: 'valores sao estimativas e podem variar devido a taxas, cubagem, quantidade de envios'"
Jadlog,.Com,03005-000,São Luís,MA,60x40x40,3,16.0,374.65,10,"https://www.melhorenvio.com.br/api/v2/calculator (public GET, no login; same engine as the calculator on https://melhorenvio.com.br/)",2026-09-19T18:41:58.511925Z,FALSE,"MEASUREMENT public calculator (pre-registration, CPF or CNPJ, no contract, no minimum); delivery_range 9-11 days; insurance_value R$359 declared (R$180 for split boxes); site disclaimer: 'valores sao estimativas e podem variar devido a taxas, cubagem, quantidade de envios'"
LATAM Cargo,éFácil,03005-000,São Luís,MA,60x40x40,3,16.0,116.48,6,"https://www.melhorenvio.com.br/api/v2/calculator (public GET, no login; same engine as the calculator on https://melhorenvio.com.br/)",2026-09-19T18:41:58.511925Z,FALSE,"MEASUREMENT public calculator (pre-registration, CPF or CNPJ, no contract, no minimum); delivery_range 5-7 days; insurance_value R$359 declared (R$180 for split boxes); site disclaimer: 'valores sao estimativas e podem variar devido a taxas, cubagem, quantidade de envios'"
Jadlog,.Package Centralizado,03005-000,São Luís,MA,60x40x40,3,16.0,178.14,9,"https://www.melhorenvio.com.br/api/v2/calculator (public GET, no login; same engine as the calculator on https://melhorenvio.com.br/)",2026-09-19T18:41:58.511925Z,FALSE,"MEASUREMENT public calculator (pre-registration, CPF or CNPJ, no contract, no minimum); delivery_range 8-10 days; insurance_value R$359 declared (R$180 for split boxes); site disclaimer: 'valores sao estimativas e podem variar devido a taxas, cubagem, quantidade de envios'"
Loggi,Express,03005-000,São Luís,MA,60x40x40,3,16.0,276.66,11,"https://www.melhorenvio.com.br/api/v2/calculator (public GET, no login; same engine as the calculator on https://melhorenvio.com.br/)",2026-09-19T18:41:58.511925Z,FALSE,"MEASUREMENT public calculator (pre-registration, CPF or CNPJ, no contract, no minimum); delivery_range 10-12 days; insurance_value R$359 declared (R$180 for split boxes); site disclaimer: 'valores sao estimativas e podem variar devido a taxas, cubagem, quantidade de envios'"
Loggi,Coleta,03005-000,São Luís,MA,60x40x40,3,16.0,275.76,12,"https://www.melhorenvio.com.br/api/v2/calculator (public GET, no login; same engine as the calculator on https://melhorenvio.com.br/)",2026-09-19T18:41:58.511925Z,FALSE,"MEASUREMENT public calculator (pre-registration, CPF or CNPJ, no contract, no minimum); delivery_range 11-13 days; insurance_value R$359 declared (R$180 for split boxes); site disclaimer: 'valores sao estimativas e podem variar devido a taxas, cubagem, quantidade de envios'"
JeT,Standard,03005-000,São Luís,MA,60x40x40,3,16.0,252.50,5,"https://www.melhorenvio.com.br/api/v2/calculator (public GET, no login; same engine as the calculator on https://melhorenvio.com.br/)",2026-09-19T18:41:58.511925Z,FALSE,"MEASUREMENT public calculator (pre-registration, CPF or CNPJ, no contract, no minimum); delivery_range 4-6 days; insurance_value R$359 declared (R$180 for split boxes); site disclaimer: 'valores sao estimativas e podem variar devido a taxas, cubagem, quantidade de envios'"
Loggi,Loggi Ponto,03005-000,São Luís,MA,60x40x40,3,16.0,241.01,13,"https://www.melhorenvio.com.br/api/v2/calculator (public GET, no login; same engine as the calculator on https://melhorenvio.com.br/)",2026-09-19T18:41:58.511925Z,FALSE,"MEASUREMENT public calculator (pre-registration, CPF or CNPJ, no contract, no minimum); delivery_range 12-14 days; insurance_value R$359 declared (R$180 for split boxes); site disclaimer: 'valores sao estimativas e podem variar devido a taxas, cubagem, quantidade de envios'"
Total Express,Standard,03005-000,São Luís,MA,60x40x40,3,16.0,279.43,9,"https://www.melhorenvio.com.br/api/v2/calculator (public GET, no login; same engine as the calculator on https://melhorenvio.com.br/)",2026-09-19T18:41:58.511925Z,FALSE,"MEASUREMENT public calculator (pre-registration, CPF or CNPJ, no contract, no minimum); delivery_range 8-9 days; insurance_value R$359 declared (R$180 for split boxes); site disclaimer: 'valores sao estimativas e podem variar devido a taxas, cubagem, quantidade de envios'"
Correios,PAC,03005-000,São Luís,MA,40x30x30,3,6.0,74.27,10,"https://www.melhorenvio.com.br/api/v2/calculator (public GET, no login; same engine as the calculator on https://melhorenvio.com.br/)",2026-09-19T18:42:00.340153Z,FALSE,"MEASUREMENT public calculator (pre-registration, CPF or CNPJ, no contract, no minimum); delivery_range 8-11 days; insurance_value R$359 declared (R$180 for split boxes); site disclaimer: 'valores sao estimativas e podem variar devido a taxas, cubagem, quantidade de envios'"
Correios,SEDEX,03005-000,São Luís,MA,40x30x30,3,6.0,171.84,6,"https://www.melhorenvio.com.br/api/v2/calculator (public GET, no login; same engine as the calculator on https://melhorenvio.com.br/)",2026-09-19T18:42:00.340153Z,FALSE,"MEASUREMENT public calculator (pre-registration, CPF or CNPJ, no contract, no minimum); delivery_range 4-7 days; insurance_value R$359 declared (R$180 for split boxes); site disclaimer: 'valores sao estimativas e podem variar devido a taxas, cubagem, quantidade de envios'"
Jadlog,.Package,03005-000,São Luís,MA,40x30x30,3,6.0,95.63,11,"https://www.melhorenvio.com.br/api/v2/calculator (public GET, no login; same engine as the calculator on https://melhorenvio.com.br/)",2026-09-19T18:42:00.340153Z,FALSE,"MEASUREMENT public calculator (pre-registration, CPF or CNPJ, no contract, no minimum); delivery_range 10-12 days; insurance_value R$359 declared (R$180 for split boxes); site disclaimer: 'valores sao estimativas e podem variar devido a taxas, cubagem, quantidade de envios'"
Jadlog,.Com,03005-000,São Luís,MA,40x30x30,3,6.0,147.99,10,"https://www.melhorenvio.com.br/api/v2/calculator (public GET, no login; same engine as the calculator on https://melhorenvio.com.br/)",2026-09-19T18:42:00.340153Z,FALSE,"MEASUREMENT public calculator (pre-registration, CPF or CNPJ, no contract, no minimum); delivery_range 9-11 days; insurance_value R$359 declared (R$180 for split boxes); site disclaimer: 'valores sao estimativas e podem variar devido a taxas, cubagem, quantidade de envios'"
LATAM Cargo,éFácil,03005-000,São Luís,MA,40x30x30,3,6.0,55.69,6,"https://www.melhorenvio.com.br/api/v2/calculator (public GET, no login; same engine as the calculator on https://melhorenvio.com.br/)",2026-09-19T18:42:00.340153Z,FALSE,"MEASUREMENT public calculator (pre-registration, CPF or CNPJ, no contract, no minimum); delivery_range 5-7 days; insurance_value R$359 declared (R$180 for split boxes); site disclaimer: 'valores sao estimativas e podem variar devido a taxas, cubagem, quantidade de envios'"
Jadlog,.Package Centralizado,03005-000,São Luís,MA,40x30x30,3,6.0,80.21,9,"https://www.melhorenvio.com.br/api/v2/calculator (public GET, no login; same engine as the calculator on https://melhorenvio.com.br/)",2026-09-19T18:42:00.340153Z,FALSE,"MEASUREMENT public calculator (pre-registration, CPF or CNPJ, no contract, no minimum); delivery_range 8-10 days; insurance_value R$359 declared (R$180 for split boxes); site disclaimer: 'valores sao estimativas e podem variar devido a taxas, cubagem, quantidade de envios'"
Loggi,Express,03005-000,São Luís,MA,40x30x30,3,6.0,109.87,11,"https://www.melhorenvio.com.br/api/v2/calculator (public GET, no login; same engine as the calculator on https://melhorenvio.com.br/)",2026-09-19T18:42:00.340153Z,FALSE,"MEASUREMENT public calculator (pre-registration, CPF or CNPJ, no contract, no minimum); delivery_range 10-12 days; insurance_value R$359 declared (R$180 for split boxes); site disclaimer: 'valores sao estimativas e podem variar devido a taxas, cubagem, quantidade de envios'"
Loggi,Coleta,03005-000,São Luís,MA,40x30x30,3,6.0,120.06,12,"https://www.melhorenvio.com.br/api/v2/calculator (public GET, no login; same engine as the calculator on https://melhorenvio.com.br/)",2026-09-19T18:42:00.340153Z,FALSE,"MEASUREMENT public calculator (pre-registration, CPF or CNPJ, no contract, no minimum); delivery_range 11-13 days; insurance_value R$359 declared (R$180 for split boxes); site disclaimer: 'valores sao estimativas e podem variar devido a taxas, cubagem, quantidade de envios'"
JeT,Standard,03005-000,São Luís,MA,40x30x30,3,6.0,72.60,5,"https://www.melhorenvio.com.br/api/v2/calculator (public GET, no login; same engine as the calculator on https://melhorenvio.com.br/)",2026-09-19T18:42:00.340153Z,FALSE,"MEASUREMENT public calculator (pre-registration, CPF or CNPJ, no contract, no minimum); delivery_range 4-6 days; insurance_value R$359 declared (R$180 for split boxes); site disclaimer: 'valores sao estimativas e podem variar devido a taxas, cubagem, quantidade de envios'"
Loggi,Loggi Ponto,03005-000,São Luís,MA,40x30x30,3,6.0,97.17,13,"https://www.melhorenvio.com.br/api/v2/calculator (public GET, no login; same engine as the calculator on https://melhorenvio.com.br/)",2026-09-19T18:42:00.340153Z,FALSE,"MEASUREMENT public calculator (pre-registration, CPF or CNPJ, no contract, no minimum); delivery_range 12-14 days; insurance_value R$359 declared (R$180 for split boxes); site disclaimer: 'valores sao estimativas e podem variar devido a taxas, cubagem, quantidade de envios'"
Total Express,Standard,03005-000,São Luís,MA,40x30x30,3,6.0,111.12,9,"https://www.melhorenvio.com.br/api/v2/calculator (public GET, no login; same engine as the calculator on https://melhorenvio.com.br/)",2026-09-19T18:42:00.340153Z,FALSE,"MEASUREMENT public calculator (pre-registration, CPF or CNPJ, no contract, no minimum); delivery_range 8-9 days; insurance_value R$359 declared (R$180 for split boxes); site disclaimer: 'valores sao estimativas e podem variar devido a taxas, cubagem, quantidade de envios'"
Correios,PAC,03005-000,Belém,PA,60x40x40,3,16.0,133.73,10,"https://www.melhorenvio.com.br/api/v2/calculator (public GET, no login; same engine as the calculator on https://melhorenvio.com.br/)",2026-09-19T18:42:02.226129Z,FALSE,"MEASUREMENT public calculator (pre-registration, CPF or CNPJ, no contract, no minimum); delivery_range 8-11 days; insurance_value R$359 declared (R$180 for split boxes); site disclaimer: 'valores sao estimativas e podem variar devido a taxas, cubagem, quantidade de envios'"
Correios,SEDEX,03005-000,Belém,PA,60x40x40,3,16.0,348.08,6,"https://www.melhorenvio.com.br/api/v2/calculator (public GET, no login; same engine as the calculator on https://melhorenvio.com.br/)",2026-09-19T18:42:02.226129Z,FALSE,"MEASUREMENT public calculator (pre-registration, CPF or CNPJ, no contract, no minimum); delivery_range 4-7 days; insurance_value R$359 declared (R$180 for split boxes); site disclaimer: 'valores sao estimativas e podem variar devido a taxas, cubagem, quantidade de envios'"
Jadlog,.Package,03005-000,Belém,PA,60x40x40,3,16.0,218.24,10,"https://www.melhorenvio.com.br/api/v2/calculator (public GET, no login; same engine as the calculator on https://melhorenvio.com.br/)",2026-09-19T18:42:02.226129Z,FALSE,"MEASUREMENT public calculator (pre-registration, CPF or CNPJ, no contract, no minimum); delivery_range 9-11 days; insurance_value R$359 declared (R$180 for split boxes); site disclaimer: 'valores sao estimativas e podem variar devido a taxas, cubagem, quantidade de envios'"
Jadlog,.Com,03005-000,Belém,PA,60x40x40,3,16.0,309.77,9,"https://www.melhorenvio.com.br/api/v2/calculator (public GET, no login; same engine as the calculator on https://melhorenvio.com.br/)",2026-09-19T18:42:02.226129Z,FALSE,"MEASUREMENT public calculator (pre-registration, CPF or CNPJ, no contract, no minimum); delivery_range 8-10 days; insurance_value R$359 declared (R$180 for split boxes); site disclaimer: 'valores sao estimativas e podem variar devido a taxas, cubagem, quantidade de envios'"
LATAM Cargo,éFácil,03005-000,Belém,PA,60x40x40,3,16.0,155.64,6,"https://www.melhorenvio.com.br/api/v2/calculator (public GET, no login; same engine as the calculator on https://melhorenvio.com.br/)",2026-09-19T18:42:02.226129Z,FALSE,"MEASUREMENT public calculator (pre-registration, CPF or CNPJ, no contract, no minimum); delivery_range 5-7 days; insurance_value R$359 declared (R$180 for split boxes); site disclaimer: 'valores sao estimativas e podem variar devido a taxas, cubagem, quantidade de envios'"
Jadlog,.Package Centralizado,03005-000,Belém,PA,60x40x40,3,16.0,195.74,10,"https://www.melhorenvio.com.br/api/v2/calculator (public GET, no login; same engine as the calculator on https://melhorenvio.com.br/)",2026-09-19T18:42:02.226129Z,FALSE,"MEASUREMENT public calculator (pre-registration, CPF or CNPJ, no contract, no minimum); delivery_range 9-11 days; insurance_value R$359 declared (R$180 for split boxes); site disclaimer: 'valores sao estimativas e podem variar devido a taxas, cubagem, quantidade de envios'"
Loggi,Express,03005-000,Belém,PA,60x40x40,3,16.0,201.24,9,"https://www.melhorenvio.com.br/api/v2/calculator (public GET, no login; same engine as the calculator on https://melhorenvio.com.br/)",2026-09-19T18:42:02.226129Z,FALSE,"MEASUREMENT public calculator (pre-registration, CPF or CNPJ, no contract, no minimum); delivery_range 8-10 days; insurance_value R$359 declared (R$180 for split boxes); site disclaimer: 'valores sao estimativas e podem variar devido a taxas, cubagem, quantidade de envios'"
Loggi,Coleta,03005-000,Belém,PA,60x40x40,3,16.0,260.71,10,"https://www.melhorenvio.com.br/api/v2/calculator (public GET, no login; same engine as the calculator on https://melhorenvio.com.br/)",2026-09-19T18:42:02.226129Z,FALSE,"MEASUREMENT public calculator (pre-registration, CPF or CNPJ, no contract, no minimum); delivery_range 9-11 days; insurance_value R$359 declared (R$180 for split boxes); site disclaimer: 'valores sao estimativas e podem variar devido a taxas, cubagem, quantidade de envios'"
JeT,Standard,03005-000,Belém,PA,60x40x40,3,16.0,302.59,8,"https://www.melhorenvio.com.br/api/v2/calculator (public GET, no login; same engine as the calculator on https://melhorenvio.com.br/)",2026-09-19T18:42:02.226129Z,FALSE,"MEASUREMENT public calculator (pre-registration, CPF or CNPJ, no contract, no minimum); delivery_range 7-9 days; insurance_value R$359 declared (R$180 for split boxes); site disclaimer: 'valores sao estimativas e podem variar devido a taxas, cubagem, quantidade de envios'"
Loggi,Loggi Ponto,03005-000,Belém,PA,60x40x40,3,16.0,175.28,11,"https://www.melhorenvio.com.br/api/v2/calculator (public GET, no login; same engine as the calculator on https://melhorenvio.com.br/)",2026-09-19T18:42:02.226129Z,FALSE,"MEASUREMENT public calculator (pre-registration, CPF or CNPJ, no contract, no minimum); delivery_range 10-12 days; insurance_value R$359 declared (R$180 for split boxes); site disclaimer: 'valores sao estimativas e podem variar devido a taxas, cubagem, quantidade de envios'"
Total Express,Standard,03005-000,Belém,PA,60x40x40,3,16.0,294.15,7,"https://www.melhorenvio.com.br/api/v2/calculator (public GET, no login; same engine as the calculator on https://melhorenvio.com.br/)",2026-09-19T18:42:02.226129Z,FALSE,"MEASUREMENT public calculator (pre-registration, CPF or CNPJ, no contract, no minimum); delivery_range 6-7 days; insurance_value R$359 declared (R$180 for split boxes); site disclaimer: 'valores sao estimativas e podem variar devido a taxas, cubagem, quantidade de envios'"
Correios,PAC,03005-000,Belém,PA,40x30x30,3,6.0,60.63,10,"https://www.melhorenvio.com.br/api/v2/calculator (public GET, no login; same engine as the calculator on https://melhorenvio.com.br/)",2026-09-19T18:42:04.093533Z,FALSE,"MEASUREMENT public calculator (pre-registration, CPF or CNPJ, no contract, no minimum); delivery_range 8-11 days; insurance_value R$359 declared (R$180 for split boxes); site disclaimer: 'valores sao estimativas e podem variar devido a taxas, cubagem, quantidade de envios'"
Correios,SEDEX,03005-000,Belém,PA,40x30x30,3,6.0,142.55,6,"https://www.melhorenvio.com.br/api/v2/calculator (public GET, no login; same engine as the calculator on https://melhorenvio.com.br/)",2026-09-19T18:42:04.093533Z,FALSE,"MEASUREMENT public calculator (pre-registration, CPF or CNPJ, no contract, no minimum); delivery_range 4-7 days; insurance_value R$359 declared (R$180 for split boxes); site disclaimer: 'valores sao estimativas e podem variar devido a taxas, cubagem, quantidade de envios'"
Jadlog,.Package,03005-000,Belém,PA,40x30x30,3,6.0,73.15,10,"https://www.melhorenvio.com.br/api/v2/calculator (public GET, no login; same engine as the calculator on https://melhorenvio.com.br/)",2026-09-19T18:42:04.093533Z,FALSE,"MEASUREMENT public calculator (pre-registration, CPF or CNPJ, no contract, no minimum); delivery_range 9-11 days; insurance_value R$359 declared (R$180 for split boxes); site disclaimer: 'valores sao estimativas e podem variar devido a taxas, cubagem, quantidade de envios'"
Jadlog,.Com,03005-000,Belém,PA,40x30x30,3,6.0,122.54,9,"https://www.melhorenvio.com.br/api/v2/calculator (public GET, no login; same engine as the calculator on https://melhorenvio.com.br/)",2026-09-19T18:42:04.093533Z,FALSE,"MEASUREMENT public calculator (pre-registration, CPF or CNPJ, no contract, no minimum); delivery_range 8-10 days; insurance_value R$359 declared (R$180 for split boxes); site disclaimer: 'valores sao estimativas e podem variar devido a taxas, cubagem, quantidade de envios'"
LATAM Cargo,éFácil,03005-000,Belém,PA,40x30x30,3,6.0,80.68,6,"https://www.melhorenvio.com.br/api/v2/calculator (public GET, no login; same engine as the calculator on https://melhorenvio.com.br/)",2026-09-19T18:42:04.093533Z,FALSE,"MEASUREMENT public calculator (pre-registration, CPF or CNPJ, no contract, no minimum); delivery_range 5-7 days; insurance_value R$359 declared (R$180 for split boxes); site disclaimer: 'valores sao estimativas e podem variar devido a taxas, cubagem, quantidade de envios'"
Jadlog,.Package Centralizado,03005-000,Belém,PA,40x30x30,3,6.0,87.90,10,"https://www.melhorenvio.com.br/api/v2/calculator (public GET, no login; same engine as the calculator on https://melhorenvio.com.br/)",2026-09-19T18:42:04.093533Z,FALSE,"MEASUREMENT public calculator (pre-registration, CPF or CNPJ, no contract, no minimum); delivery_range 9-11 days; insurance_value R$359 declared (R$180 for split boxes); site disclaimer: 'valores sao estimativas e podem variar devido a taxas, cubagem, quantidade de envios'"
Loggi,Express,03005-000,Belém,PA,40x30x30,3,6.0,80.51,9,"https://www.melhorenvio.com.br/api/v2/calculator (public GET, no login; same engine as the calculator on https://melhorenvio.com.br/)",2026-09-19T18:42:04.093533Z,FALSE,"MEASUREMENT public calculator (pre-registration, CPF or CNPJ, no contract, no minimum); delivery_range 8-10 days; insurance_value R$359 declared (R$180 for split boxes); site disclaimer: 'valores sao estimativas e podem variar devido a taxas, cubagem, quantidade de envios'"
Loggi,Coleta,03005-000,Belém,PA,40x30x30,3,6.0,93.57,10,"https://www.melhorenvio.com.br/api/v2/calculator (public GET, no login; same engine as the calculator on https://melhorenvio.com.br/)",2026-09-19T18:42:04.093533Z,FALSE,"MEASUREMENT public calculator (pre-registration, CPF or CNPJ, no contract, no minimum); delivery_range 9-11 days; insurance_value R$359 declared (R$180 for split boxes); site disclaimer: 'valores sao estimativas e podem variar devido a taxas, cubagem, quantidade de envios'"
JeT,Standard,03005-000,Belém,PA,40x30x30,3,6.0,81.77,8,"https://www.melhorenvio.com.br/api/v2/calculator (public GET, no login; same engine as the calculator on https://melhorenvio.com.br/)",2026-09-19T18:42:04.093533Z,FALSE,"MEASUREMENT public calculator (pre-registration, CPF or CNPJ, no contract, no minimum); delivery_range 7-9 days; insurance_value R$359 declared (R$180 for split boxes); site disclaimer: 'valores sao estimativas e podem variar devido a taxas, cubagem, quantidade de envios'"
Loggi,Loggi Ponto,03005-000,Belém,PA,40x30x30,3,6.0,71.57,11,"https://www.melhorenvio.com.br/api/v2/calculator (public GET, no login; same engine as the calculator on https://melhorenvio.com.br/)",2026-09-19T18:42:04.093533Z,FALSE,"MEASUREMENT public calculator (pre-registration, CPF or CNPJ, no contract, no minimum); delivery_range 10-12 days; insurance_value R$359 declared (R$180 for split boxes); site disclaimer: 'valores sao estimativas e podem variar devido a taxas, cubagem, quantidade de envios'"
Total Express,Standard,03005-000,Belém,PA,40x30x30,3,6.0,116.85,7,"https://www.melhorenvio.com.br/api/v2/calculator (public GET, no login; same engine as the calculator on https://melhorenvio.com.br/)",2026-09-19T18:42:04.093533Z,FALSE,"MEASUREMENT public calculator (pre-registration, CPF or CNPJ, no contract, no minimum); delivery_range 6-7 days; insurance_value R$359 declared (R$180 for split boxes); site disclaimer: 'valores sao estimativas e podem variar devido a taxas, cubagem, quantidade de envios'"
Correios,PAC,03005-000,Salvador,BA,60x40x40,3,16.0,117.50,8,"https://www.melhorenvio.com.br/api/v2/calculator (public GET, no login; same engine as the calculator on https://melhorenvio.com.br/)",2026-09-19T18:42:05.905174Z,FALSE,"MEASUREMENT public calculator (pre-registration, CPF or CNPJ, no contract, no minimum); delivery_range 6-9 days; insurance_value R$359 declared (R$180 for split boxes); site disclaimer: 'valores sao estimativas e podem variar devido a taxas, cubagem, quantidade de envios'"
Correios,SEDEX,03005-000,Salvador,BA,60x40x40,3,16.0,248.24,3,"https://www.melhorenvio.com.br/api/v2/calculator (public GET, no login; same engine as the calculator on https://melhorenvio.com.br/)",2026-09-19T18:42:05.905174Z,FALSE,"MEASUREMENT public calculator (pre-registration, CPF or CNPJ, no contract, no minimum); delivery_range 1-4 days; insurance_value R$359 declared (R$180 for split boxes); site disclaimer: 'valores sao estimativas e podem variar devido a taxas, cubagem, quantidade de envios'"
Jadlog,.Package,03005-000,Salvador,BA,60x40x40,3,16.0,180.63,5,"https://www.melhorenvio.com.br/api/v2/calculator (public GET, no login; same engine as the calculator on https://melhorenvio.com.br/)",2026-09-19T18:42:05.905174Z,FALSE,"MEASUREMENT public calculator (pre-registration, CPF or CNPJ, no contract, no minimum); delivery_range 4-6 days; insurance_value R$359 declared (R$180 for split boxes); site disclaimer: 'valores sao estimativas e podem variar devido a taxas, cubagem, quantidade de envios'"
Jadlog,.Com,03005-000,Salvador,BA,60x40x40,3,16.0,203.65,4,"https://www.melhorenvio.com.br/api/v2/calculator (public GET, no login; same engine as the calculator on https://melhorenvio.com.br/)",2026-09-19T18:42:05.905174Z,FALSE,"MEASUREMENT public calculator (pre-registration, CPF or CNPJ, no contract, no minimum); delivery_range 3-5 days; insurance_value R$359 declared (R$180 for split boxes); site disclaimer: 'valores sao estimativas e podem variar devido a taxas, cubagem, quantidade de envios'"
LATAM Cargo,éFácil,03005-000,Salvador,BA,60x40x40,3,16.0,102.62,2,"https://www.melhorenvio.com.br/api/v2/calculator (public GET, no login; same engine as the calculator on https://melhorenvio.com.br/)",2026-09-19T18:42:05.905174Z,FALSE,"MEASUREMENT public calculator (pre-registration, CPF or CNPJ, no contract, no minimum); delivery_range 1-3 days; insurance_value R$359 declared (R$180 for split boxes); site disclaimer: 'valores sao estimativas e podem variar devido a taxas, cubagem, quantidade de envios'"
Jadlog,.Package Centralizado,03005-000,Salvador,BA,60x40x40,3,16.0,152.22,5,"https://www.melhorenvio.com.br/api/v2/calculator (public GET, no login; same engine as the calculator on https://melhorenvio.com.br/)",2026-09-19T18:42:05.905174Z,FALSE,"MEASUREMENT public calculator (pre-registration, CPF or CNPJ, no contract, no minimum); delivery_range 4-6 days; insurance_value R$359 declared (R$180 for split boxes); site disclaimer: 'valores sao estimativas e podem variar devido a taxas, cubagem, quantidade de envios'"
Loggi,Express,03005-000,Salvador,BA,60x40x40,3,16.0,391.62,9,"https://www.melhorenvio.com.br/api/v2/calculator (public GET, no login; same engine as the calculator on https://melhorenvio.com.br/)",2026-09-19T18:42:05.905174Z,FALSE,"MEASUREMENT public calculator (pre-registration, CPF or CNPJ, no contract, no minimum); delivery_range 8-10 days; insurance_value R$359 declared (R$180 for split boxes); site disclaimer: 'valores sao estimativas e podem variar devido a taxas, cubagem, quantidade de envios'"
Loggi,Coleta,03005-000,Salvador,BA,60x40x40,3,16.0,192.09,6,"https://www.melhorenvio.com.br/api/v2/calculator (public GET, no login; same engine as the calculator on https://melhorenvio.com.br/)",2026-09-19T18:42:05.905174Z,FALSE,"MEASUREMENT public calculator (pre-registration, CPF or CNPJ, no contract, no minimum); delivery_range 5-7 days; insurance_value R$359 declared (R$180 for split boxes); site disclaimer: 'valores sao estimativas e podem variar devido a taxas, cubagem, quantidade de envios'"
JeT,Standard,03005-000,Salvador,BA,60x40x40,3,16.0,181.70,4,"https://www.melhorenvio.com.br/api/v2/calculator (public GET, no login; same engine as the calculator on https://melhorenvio.com.br/)",2026-09-19T18:42:05.905174Z,FALSE,"MEASUREMENT public calculator (pre-registration, CPF or CNPJ, no contract, no minimum); delivery_range 3-5 days; insurance_value R$359 declared (R$180 for split boxes); site disclaimer: 'valores sao estimativas e podem variar devido a taxas, cubagem, quantidade de envios'"
Loggi,Loggi Ponto,03005-000,Salvador,BA,60x40x40,3,16.0,378.37,11,"https://www.melhorenvio.com.br/api/v2/calculator (public GET, no login; same engine as the calculator on https://melhorenvio.com.br/)",2026-09-19T18:42:05.905174Z,FALSE,"MEASUREMENT public calculator (pre-registration, CPF or CNPJ, no contract, no minimum); delivery_range 10-12 days; insurance_value R$359 declared (R$180 for split boxes); site disclaimer: 'valores sao estimativas e podem variar devido a taxas, cubagem, quantidade de envios'"
Total Express,Standard,03005-000,Salvador,BA,60x40x40,3,16.0,136.15,6,"https://www.melhorenvio.com.br/api/v2/calculator (public GET, no login; same engine as the calculator on https://melhorenvio.com.br/)",2026-09-19T18:42:05.905174Z,FALSE,"MEASUREMENT public calculator (pre-registration, CPF or CNPJ, no contract, no minimum); delivery_range 5-6 days; insurance_value R$359 declared (R$180 for split boxes); site disclaimer: 'valores sao estimativas e podem variar devido a taxas, cubagem, quantidade de envios'"
Correios,PAC,03005-000,Salvador,BA,40x30x30,3,6.0,53.54,8,"https://www.melhorenvio.com.br/api/v2/calculator (public GET, no login; same engine as the calculator on https://melhorenvio.com.br/)",2026-09-19T18:42:07.632307Z,FALSE,"MEASUREMENT public calculator (pre-registration, CPF or CNPJ, no contract, no minimum); delivery_range 6-9 days; insurance_value R$359 declared (R$180 for split boxes); site disclaimer: 'valores sao estimativas e podem variar devido a taxas, cubagem, quantidade de envios'"
Correios,SEDEX,03005-000,Salvador,BA,40x30x30,3,6.0,102.24,3,"https://www.melhorenvio.com.br/api/v2/calculator (public GET, no login; same engine as the calculator on https://melhorenvio.com.br/)",2026-09-19T18:42:07.632307Z,FALSE,"MEASUREMENT public calculator (pre-registration, CPF or CNPJ, no contract, no minimum); delivery_range 1-4 days; insurance_value R$359 declared (R$180 for split boxes); site disclaimer: 'valores sao estimativas e podem variar devido a taxas, cubagem, quantidade de envios'"
Jadlog,.Package,03005-000,Salvador,BA,40x30x30,3,6.0,60.54,5,"https://www.melhorenvio.com.br/api/v2/calculator (public GET, no login; same engine as the calculator on https://melhorenvio.com.br/)",2026-09-19T18:42:07.632307Z,FALSE,"MEASUREMENT public calculator (pre-registration, CPF or CNPJ, no contract, no minimum); delivery_range 4-6 days; insurance_value R$359 declared (R$180 for split boxes); site disclaimer: 'valores sao estimativas e podem variar devido a taxas, cubagem, quantidade de envios'"
Jadlog,.Com,03005-000,Salvador,BA,40x30x30,3,6.0,82.76,4,"https://www.melhorenvio.com.br/api/v2/calculator (public GET, no login; same engine as the calculator on https://melhorenvio.com.br/)",2026-09-19T18:42:07.632307Z,FALSE,"MEASUREMENT public calculator (pre-registration, CPF or CNPJ, no contract, no minimum); delivery_range 3-5 days; insurance_value R$359 declared (R$180 for split boxes); site disclaimer: 'valores sao estimativas e podem variar devido a taxas, cubagem, quantidade de envios'"
LATAM Cargo,éFácil,03005-000,Salvador,BA,40x30x30,3,6.0,51.67,2,"https://www.melhorenvio.com.br/api/v2/calculator (public GET, no login; same engine as the calculator on https://melhorenvio.com.br/)",2026-09-19T18:42:07.632307Z,FALSE,"MEASUREMENT public calculator (pre-registration, CPF or CNPJ, no contract, no minimum); delivery_range 1-3 days; insurance_value R$359 declared (R$180 for split boxes); site disclaimer: 'valores sao estimativas e podem variar devido a taxas, cubagem, quantidade de envios'"
Jadlog,.Package Centralizado,03005-000,Salvador,BA,40x30x30,3,6.0,69.53,5,"https://www.melhorenvio.com.br/api/v2/calculator (public GET, no login; same engine as the calculator on https://melhorenvio.com.br/)",2026-09-19T18:42:07.632307Z,FALSE,"MEASUREMENT public calculator (pre-registration, CPF or CNPJ, no contract, no minimum); delivery_range 4-6 days; insurance_value R$359 declared (R$180 for split boxes); site disclaimer: 'valores sao estimativas e podem variar devido a taxas, cubagem, quantidade de envios'"
Loggi,Express,03005-000,Salvador,BA,40x30x30,3,6.0,144.28,9,"https://www.melhorenvio.com.br/api/v2/calculator (public GET, no login; same engine as the calculator on https://melhorenvio.com.br/)",2026-09-19T18:42:07.632307Z,FALSE,"MEASUREMENT public calculator (pre-registration, CPF or CNPJ, no contract, no minimum); delivery_range 8-10 days; insurance_value R$359 declared (R$180 for split boxes); site disclaimer: 'valores sao estimativas e podem variar devido a taxas, cubagem, quantidade de envios'"
Loggi,Coleta,03005-000,Salvador,BA,40x30x30,3,6.0,75.44,6,"https://www.melhorenvio.com.br/api/v2/calculator (public GET, no login; same engine as the calculator on https://melhorenvio.com.br/)",2026-09-19T18:42:07.632307Z,FALSE,"MEASUREMENT public calculator (pre-registration, CPF or CNPJ, no contract, no minimum); delivery_range 5-7 days; insurance_value R$359 declared (R$180 for split boxes); site disclaimer: 'valores sao estimativas e podem variar devido a taxas, cubagem, quantidade de envios'"
JeT,Standard,03005-000,Salvador,BA,40x30x30,3,6.0,60.98,4,"https://www.melhorenvio.com.br/api/v2/calculator (public GET, no login; same engine as the calculator on https://melhorenvio.com.br/)",2026-09-19T18:42:07.632307Z,FALSE,"MEASUREMENT public calculator (pre-registration, CPF or CNPJ, no contract, no minimum); delivery_range 3-5 days; insurance_value R$359 declared (R$180 for split boxes); site disclaimer: 'valores sao estimativas e podem variar devido a taxas, cubagem, quantidade de envios'"
Loggi,Loggi Ponto,03005-000,Salvador,BA,40x30x30,3,6.0,147.76,11,"https://www.melhorenvio.com.br/api/v2/calculator (public GET, no login; same engine as the calculator on https://melhorenvio.com.br/)",2026-09-19T18:42:07.632307Z,FALSE,"MEASUREMENT public calculator (pre-registration, CPF or CNPJ, no contract, no minimum); delivery_range 10-12 days; insurance_value R$359 declared (R$180 for split boxes); site disclaimer: 'valores sao estimativas e podem variar devido a taxas, cubagem, quantidade de envios'"
Total Express,Standard,03005-000,Salvador,BA,40x30x30,3,6.0,79.52,6,"https://www.melhorenvio.com.br/api/v2/calculator (public GET, no login; same engine as the calculator on https://melhorenvio.com.br/)",2026-09-19T18:42:07.632307Z,FALSE,"MEASUREMENT public calculator (pre-registration, CPF or CNPJ, no contract, no minimum); delivery_range 5-6 days; insurance_value R$359 declared (R$180 for split boxes); site disclaimer: 'valores sao estimativas e podem variar devido a taxas, cubagem, quantidade de envios'"
Correios,PAC,03005-000,Belo Horizonte,MG,60x40x40,3,16.0,102.61,7,"https://www.melhorenvio.com.br/api/v2/calculator (public GET, no login; same engine as the calculator on https://melhorenvio.com.br/)",2026-09-19T18:42:09.526969Z,FALSE,"MEASUREMENT public calculator (pre-registration, CPF or CNPJ, no contract, no minimum); delivery_range 5-8 days; insurance_value R$359 declared (R$180 for split boxes); site disclaimer: 'valores sao estimativas e podem variar devido a taxas, cubagem, quantidade de envios'"
Correios,SEDEX,03005-000,Belo Horizonte,MG,60x40x40,3,16.0,184.76,3,"https://www.melhorenvio.com.br/api/v2/calculator (public GET, no login; same engine as the calculator on https://melhorenvio.com.br/)",2026-09-19T18:42:09.526969Z,FALSE,"MEASUREMENT public calculator (pre-registration, CPF or CNPJ, no contract, no minimum); delivery_range 1-4 days; insurance_value R$359 declared (R$180 for split boxes); site disclaimer: 'valores sao estimativas e podem variar devido a taxas, cubagem, quantidade de envios'"
Jadlog,.Package,03005-000,Belo Horizonte,MG,60x40x40,3,16.0,121.76,5,"https://www.melhorenvio.com.br/api/v2/calculator (public GET, no login; same engine as the calculator on https://melhorenvio.com.br/)",2026-09-19T18:42:09.526969Z,FALSE,"MEASUREMENT public calculator (pre-registration, CPF or CNPJ, no contract, no minimum); delivery_range 4-6 days; insurance_value R$359 declared (R$180 for split boxes); site disclaimer: 'valores sao estimativas e podem variar devido a taxas, cubagem, quantidade de envios'"
Jadlog,.Com,03005-000,Belo Horizonte,MG,60x40x40,3,16.0,85.28,4,"https://www.melhorenvio.com.br/api/v2/calculator (public GET, no login; same engine as the calculator on https://melhorenvio.com.br/)",2026-09-19T18:42:09.526969Z,FALSE,"MEASUREMENT public calculator (pre-registration, CPF or CNPJ, no contract, no minimum); delivery_range 3-5 days; insurance_value R$359 declared (R$180 for split boxes); site disclaimer: 'valores sao estimativas e podem variar devido a taxas, cubagem, quantidade de envios'"
LATAM Cargo,éFácil,03005-000,Belo Horizonte,MG,60x40x40,3,16.0,75.81,3,"https://www.melhorenvio.com.br/api/v2/calculator (public GET, no login; same engine as the calculator on https://melhorenvio.com.br/)",2026-09-19T18:42:09.526969Z,FALSE,"MEASUREMENT public calculator (pre-registration, CPF or CNPJ, no contract, no minimum); delivery_range 2-4 days; insurance_value R$359 declared (R$180 for split boxes); site disclaimer: 'valores sao estimativas e podem variar devido a taxas, cubagem, quantidade de envios'"
Buslog,Rodoviário,03005-000,Belo Horizonte,MG,60x40x40,3,16.0,65.10,2,"https://www.melhorenvio.com.br/api/v2/calculator (public GET, no login; same engine as the calculator on https://melhorenvio.com.br/)",2026-09-19T18:42:09.526969Z,FALSE,"MEASUREMENT public calculator (pre-registration, CPF or CNPJ, no contract, no minimum); delivery_range 1-3 days; insurance_value R$359 declared (R$180 for split boxes); site disclaimer: 'valores sao estimativas e podem variar devido a taxas, cubagem, quantidade de envios'"
Jadlog,.Package Centralizado,03005-000,Belo Horizonte,MG,60x40x40,3,16.0,113.71,4,"https://www.melhorenvio.com.br/api/v2/calculator (public GET, no login; same engine as the calculator on https://melhorenvio.com.br/)",2026-09-19T18:42:09.526969Z,FALSE,"MEASUREMENT public calculator (pre-registration, CPF or CNPJ, no contract, no minimum); delivery_range 3-5 days; insurance_value R$359 declared (R$180 for split boxes); site disclaimer: 'valores sao estimativas e podem variar devido a taxas, cubagem, quantidade de envios'"
Loggi,Express,03005-000,Belo Horizonte,MG,60x40x40,3,16.0,101.29,3,"https://www.melhorenvio.com.br/api/v2/calculator (public GET, no login; same engine as the calculator on https://melhorenvio.com.br/)",2026-09-19T18:42:09.526969Z,FALSE,"MEASUREMENT public calculator (pre-registration, CPF or CNPJ, no contract, no minimum); delivery_range 2-4 days; insurance_value R$359 declared (R$180 for split boxes); site disclaimer: 'valores sao estimativas e podem variar devido a taxas, cubagem, quantidade de envios'"
Loggi,Coleta,03005-000,Belo Horizonte,MG,60x40x40,3,16.0,113.12,4,"https://www.melhorenvio.com.br/api/v2/calculator (public GET, no login; same engine as the calculator on https://melhorenvio.com.br/)",2026-09-19T18:42:09.526969Z,FALSE,"MEASUREMENT public calculator (pre-registration, CPF or CNPJ, no contract, no minimum); delivery_range 3-5 days; insurance_value R$359 declared (R$180 for split boxes); site disclaimer: 'valores sao estimativas e podem variar devido a taxas, cubagem, quantidade de envios'"
JeT,Standard,03005-000,Belo Horizonte,MG,60x40x40,3,16.0,110.43,2,"https://www.melhorenvio.com.br/api/v2/calculator (public GET, no login; same engine as the calculator on https://melhorenvio.com.br/)",2026-09-19T18:42:09.526969Z,FALSE,"MEASUREMENT public calculator (pre-registration, CPF or CNPJ, no contract, no minimum); delivery_range 1-3 days; insurance_value R$359 declared (R$180 for split boxes); site disclaimer: 'valores sao estimativas e podem variar devido a taxas, cubagem, quantidade de envios'"
Loggi,Loggi Ponto,03005-000,Belo Horizonte,MG,60x40x40,3,16.0,73.85,5,"https://www.melhorenvio.com.br/api/v2/calculator (public GET, no login; same engine as the calculator on https://melhorenvio.com.br/)",2026-09-19T18:42:09.526969Z,FALSE,"MEASUREMENT public calculator (pre-registration, CPF or CNPJ, no contract, no minimum); delivery_range 4-6 days; insurance_value R$359 declared (R$180 for split boxes); site disclaimer: 'valores sao estimativas e podem variar devido a taxas, cubagem, quantidade de envios'"
Total Express,Standard,03005-000,Belo Horizonte,MG,60x40x40,3,16.0,101.26,4,"https://www.melhorenvio.com.br/api/v2/calculator (public GET, no login; same engine as the calculator on https://melhorenvio.com.br/)",2026-09-19T18:42:09.526969Z,FALSE,"MEASUREMENT public calculator (pre-registration, CPF or CNPJ, no contract, no minimum); delivery_range 3-4 days; insurance_value R$359 declared (R$180 for split boxes); site disclaimer: 'valores sao estimativas e podem variar devido a taxas, cubagem, quantidade de envios'"
Correios,PAC,03005-000,Belo Horizonte,MG,40x30x30,3,6.0,46.99,7,"https://www.melhorenvio.com.br/api/v2/calculator (public GET, no login; same engine as the calculator on https://melhorenvio.com.br/)",2026-09-19T18:42:11.258646Z,FALSE,"MEASUREMENT public calculator (pre-registration, CPF or CNPJ, no contract, no minimum); delivery_range 5-8 days; insurance_value R$359 declared (R$180 for split boxes); site disclaimer: 'valores sao estimativas e podem variar devido a taxas, cubagem, quantidade de envios'"
Correios,SEDEX,03005-000,Belo Horizonte,MG,40x30x30,3,6.0,76.61,3,"https://www.melhorenvio.com.br/api/v2/calculator (public GET, no login; same engine as the calculator on https://melhorenvio.com.br/)",2026-09-19T18:42:11.258646Z,FALSE,"MEASUREMENT public calculator (pre-registration, CPF or CNPJ, no contract, no minimum); delivery_range 1-4 days; insurance_value R$359 declared (R$180 for split boxes); site disclaimer: 'valores sao estimativas e podem variar devido a taxas, cubagem, quantidade de envios'"
Jadlog,.Package,03005-000,Belo Horizonte,MG,40x30x30,3,6.0,52.30,5,"https://www.melhorenvio.com.br/api/v2/calculator (public GET, no login; same engine as the calculator on https://melhorenvio.com.br/)",2026-09-19T18:42:11.258646Z,FALSE,"MEASUREMENT public calculator (pre-registration, CPF or CNPJ, no contract, no minimum); delivery_range 4-6 days; insurance_value R$359 declared (R$180 for split boxes); site disclaimer: 'valores sao estimativas e podem variar devido a taxas, cubagem, quantidade de envios'"
Jadlog,.Com,03005-000,Belo Horizonte,MG,40x30x30,3,6.0,44.79,4,"https://www.melhorenvio.com.br/api/v2/calculator (public GET, no login; same engine as the calculator on https://melhorenvio.com.br/)",2026-09-19T18:42:11.258646Z,FALSE,"MEASUREMENT public calculator (pre-registration, CPF or CNPJ, no contract, no minimum); delivery_range 3-5 days; insurance_value R$359 declared (R$180 for split boxes); site disclaimer: 'valores sao estimativas e podem variar devido a taxas, cubagem, quantidade de envios'"
LATAM Cargo,éFácil,03005-000,Belo Horizonte,MG,40x30x30,3,6.0,33.87,3,"https://www.melhorenvio.com.br/api/v2/calculator (public GET, no login; same engine as the calculator on https://melhorenvio.com.br/)",2026-09-19T18:42:11.258646Z,FALSE,"MEASUREMENT public calculator (pre-registration, CPF or CNPJ, no contract, no minimum); delivery_range 2-4 days; insurance_value R$359 declared (R$180 for split boxes); site disclaimer: 'valores sao estimativas e podem variar devido a taxas, cubagem, quantidade de envios'"
Buslog,Rodoviário,03005-000,Belo Horizonte,MG,40x30x30,3,6.0,37.16,2,"https://www.melhorenvio.com.br/api/v2/calculator (public GET, no login; same engine as the calculator on https://melhorenvio.com.br/)",2026-09-19T18:42:11.258646Z,FALSE,"MEASUREMENT public calculator (pre-registration, CPF or CNPJ, no contract, no minimum); delivery_range 1-3 days; insurance_value R$359 declared (R$180 for split boxes); site disclaimer: 'valores sao estimativas e podem variar devido a taxas, cubagem, quantidade de envios'"
Jadlog,.Package Centralizado,03005-000,Belo Horizonte,MG,40x30x30,3,6.0,59.46,4,"https://www.melhorenvio.com.br/api/v2/calculator (public GET, no login; same engine as the calculator on https://melhorenvio.com.br/)",2026-09-19T18:42:11.258646Z,FALSE,"MEASUREMENT public calculator (pre-registration, CPF or CNPJ, no contract, no minimum); delivery_range 3-5 days; insurance_value R$359 declared (R$180 for split boxes); site disclaimer: 'valores sao estimativas e podem variar devido a taxas, cubagem, quantidade de envios'"
Loggi,Express,03005-000,Belo Horizonte,MG,40x30x30,3,6.0,47.23,3,"https://www.melhorenvio.com.br/api/v2/calculator (public GET, no login; same engine as the calculator on https://melhorenvio.com.br/)",2026-09-19T18:42:11.258646Z,FALSE,"MEASUREMENT public calculator (pre-registration, CPF or CNPJ, no contract, no minimum); delivery_range 2-4 days; insurance_value R$359 declared (R$180 for split boxes); site disclaimer: 'valores sao estimativas e podem variar devido a taxas, cubagem, quantidade de envios'"
Loggi,Coleta,03005-000,Belo Horizonte,MG,40x30x30,3,6.0,62.65,4,"https://www.melhorenvio.com.br/api/v2/calculator (public GET, no login; same engine as the calculator on https://melhorenvio.com.br/)",2026-09-19T18:42:11.258646Z,FALSE,"MEASUREMENT public calculator (pre-registration, CPF or CNPJ, no contract, no minimum); delivery_range 3-5 days; insurance_value R$359 declared (R$180 for split boxes); site disclaimer: 'valores sao estimativas e podem variar devido a taxas, cubagem, quantidade de envios'"
JeT,Standard,03005-000,Belo Horizonte,MG,40x30x30,3,6.0,36.45,2,"https://www.melhorenvio.com.br/api/v2/calculator (public GET, no login; same engine as the calculator on https://melhorenvio.com.br/)",2026-09-19T18:42:11.258646Z,FALSE,"MEASUREMENT public calculator (pre-registration, CPF or CNPJ, no contract, no minimum); delivery_range 1-3 days; insurance_value R$359 declared (R$180 for split boxes); site disclaimer: 'valores sao estimativas e podem variar devido a taxas, cubagem, quantidade de envios'"
Loggi,Loggi Ponto,03005-000,Belo Horizonte,MG,40x30x30,3,6.0,35.22,5,"https://www.melhorenvio.com.br/api/v2/calculator (public GET, no login; same engine as the calculator on https://melhorenvio.com.br/)",2026-09-19T18:42:11.258646Z,FALSE,"MEASUREMENT public calculator (pre-registration, CPF or CNPJ, no contract, no minimum); delivery_range 4-6 days; insurance_value R$359 declared (R$180 for split boxes); site disclaimer: 'valores sao estimativas e podem variar devido a taxas, cubagem, quantidade de envios'"
Total Express,Standard,03005-000,Belo Horizonte,MG,40x30x30,3,6.0,38.72,4,"https://www.melhorenvio.com.br/api/v2/calculator (public GET, no login; same engine as the calculator on https://melhorenvio.com.br/)",2026-09-19T18:42:11.258646Z,FALSE,"MEASUREMENT public calculator (pre-registration, CPF or CNPJ, no contract, no minimum); delivery_range 3-4 days; insurance_value R$359 declared (R$180 for split boxes); site disclaimer: 'valores sao estimativas e podem variar devido a taxas, cubagem, quantidade de envios'"
Correios,PAC,03005-000,Aracaju,SE,60x40x40,3,16.0,164.71,10,"https://www.melhorenvio.com.br/api/v2/calculator (public GET, no login; same engine as the calculator on https://melhorenvio.com.br/)",2026-09-19T18:42:13.439316Z,FALSE,"MEASUREMENT public calculator (pre-registration, CPF or CNPJ, no contract, no minimum); delivery_range 8-11 days; insurance_value R$359 declared (R$180 for split boxes); site disclaimer: 'valores sao estimativas e podem variar devido a taxas, cubagem, quantidade de envios'"
Correios,SEDEX,03005-000,Aracaju,SE,60x40x40,3,16.0,420.57,4,"https://www.melhorenvio.com.br/api/v2/calculator (public GET, no login; same engine as the calculator on https://melhorenvio.com.br/)",2026-09-19T18:42:13.439316Z,FALSE,"MEASUREMENT public calculator (pre-registration, CPF or CNPJ, no contract, no minimum); delivery_range 2-5 days; insurance_value R$359 declared (R$180 for split boxes); site disclaimer: 'valores sao estimativas e podem variar devido a taxas, cubagem, quantidade de envios'"
Jadlog,.Package,03005-000,Aracaju,SE,60x40x40,3,16.0,198.62,8,"https://www.melhorenvio.com.br/api/v2/calculator (public GET, no login; same engine as the calculator on https://melhorenvio.com.br/)",2026-09-19T18:42:13.439316Z,FALSE,"MEASUREMENT public calculator (pre-registration, CPF or CNPJ, no contract, no minimum); delivery_range 7-9 days; insurance_value R$359 declared (R$180 for split boxes); site disclaimer: 'valores sao estimativas e podem variar devido a taxas, cubagem, quantidade de envios'"
Jadlog,.Com,03005-000,Aracaju,SE,60x40x40,3,16.0,272.84,7,"https://www.melhorenvio.com.br/api/v2/calculator (public GET, no login; same engine as the calculator on https://melhorenvio.com.br/)",2026-09-19T18:42:13.439316Z,FALSE,"MEASUREMENT public calculator (pre-registration, CPF or CNPJ, no contract, no minimum); delivery_range 6-8 days; insurance_value R$359 declared (R$180 for split boxes); site disclaimer: 'valores sao estimativas e podem variar devido a taxas, cubagem, quantidade de envios'"
LATAM Cargo,éFácil,03005-000,Aracaju,SE,60x40x40,3,16.0,106.50,4,"https://www.melhorenvio.com.br/api/v2/calculator (public GET, no login; same engine as the calculator on https://melhorenvio.com.br/)",2026-09-19T18:42:13.439316Z,FALSE,"MEASUREMENT public calculator (pre-registration, CPF or CNPJ, no contract, no minimum); delivery_range 3-5 days; insurance_value R$359 declared (R$180 for split boxes); site disclaimer: 'valores sao estimativas e podem variar devido a taxas, cubagem, quantidade de envios'"
Jadlog,.Package Centralizado,03005-000,Aracaju,SE,60x40x40,3,16.0,171.99,6,"https://www.melhorenvio.com.br/api/v2/calculator (public GET, no login; same engine as the calculator on https://melhorenvio.com.br/)",2026-09-19T18:42:13.439316Z,FALSE,"MEASUREMENT public calculator (pre-registration, CPF or CNPJ, no contract, no minimum); delivery_range 5-7 days; insurance_value R$359 declared (R$180 for split boxes); site disclaimer: 'valores sao estimativas e podem variar devido a taxas, cubagem, quantidade de envios'"
Loggi,Express,03005-000,Aracaju,SE,60x40x40,3,16.0,184.69,7,"https://www.melhorenvio.com.br/api/v2/calculator (public GET, no login; same engine as the calculator on https://melhorenvio.com.br/)",2026-09-19T18:42:13.439316Z,FALSE,"MEASUREMENT public calculator (pre-registration, CPF or CNPJ, no contract, no minimum); delivery_range 6-8 days; insurance_value R$359 declared (R$180 for split boxes); site disclaimer: 'valores sao estimativas e podem variar devido a taxas, cubagem, quantidade de envios'"
Loggi,Coleta,03005-000,Aracaju,SE,60x40x40,3,16.0,210.67,8,"https://www.melhorenvio.com.br/api/v2/calculator (public GET, no login; same engine as the calculator on https://melhorenvio.com.br/)",2026-09-19T18:42:13.439316Z,FALSE,"MEASUREMENT public calculator (pre-registration, CPF or CNPJ, no contract, no minimum); delivery_range 7-9 days; insurance_value R$359 declared (R$180 for split boxes); site disclaimer: 'valores sao estimativas e podem variar devido a taxas, cubagem, quantidade de envios'"
JeT,Standard,03005-000,Aracaju,SE,60x40x40,3,16.0,244.12,4,"https://www.melhorenvio.com.br/api/v2/calculator (public GET, no login; same engine as the calculator on https://melhorenvio.com.br/)",2026-09-19T18:42:13.439316Z,FALSE,"MEASUREMENT public calculator (pre-registration, CPF or CNPJ, no contract, no minimum); delivery_range 3-5 days; insurance_value R$359 declared (R$180 for split boxes); site disclaimer: 'valores sao estimativas e podem variar devido a taxas, cubagem, quantidade de envios'"
Loggi,Loggi Ponto,03005-000,Aracaju,SE,60x40x40,3,16.0,160.81,9,"https://www.melhorenvio.com.br/api/v2/calculator (public GET, no login; same engine as the calculator on https://melhorenvio.com.br/)",2026-09-19T18:42:13.439316Z,FALSE,"MEASUREMENT public calculator (pre-registration, CPF or CNPJ, no contract, no minimum); delivery_range 8-10 days; insurance_value R$359 declared (R$180 for split boxes); site disclaimer: 'valores sao estimativas e podem variar devido a taxas, cubagem, quantidade de envios'"
Total Express,Standard,03005-000,Aracaju,SE,60x40x40,3,16.0,278.07,6,"https://www.melhorenvio.com.br/api/v2/calculator (public GET, no login; same engine as the calculator on https://melhorenvio.com.br/)",2026-09-19T18:42:13.439316Z,FALSE,"MEASUREMENT public calculator (pre-registration, CPF or CNPJ, no contract, no minimum); delivery_range 5-6 days; insurance_value R$359 declared (R$180 for split boxes); site disclaimer: 'valores sao estimativas e podem variar devido a taxas, cubagem, quantidade de envios'"
Correios,PAC,03005-000,Aracaju,SE,40x30x30,3,6.0,74.27,10,"https://www.melhorenvio.com.br/api/v2/calculator (public GET, no login; same engine as the calculator on https://melhorenvio.com.br/)",2026-09-19T18:42:15.374950Z,FALSE,"MEASUREMENT public calculator (pre-registration, CPF or CNPJ, no contract, no minimum); delivery_range 8-11 days; insurance_value R$359 declared (R$180 for split boxes); site disclaimer: 'valores sao estimativas e podem variar devido a taxas, cubagem, quantidade de envios'"
Correios,SEDEX,03005-000,Aracaju,SE,40x30x30,3,6.0,171.84,4,"https://www.melhorenvio.com.br/api/v2/calculator (public GET, no login; same engine as the calculator on https://melhorenvio.com.br/)",2026-09-19T18:42:15.374950Z,FALSE,"MEASUREMENT public calculator (pre-registration, CPF or CNPJ, no contract, no minimum); delivery_range 2-5 days; insurance_value R$359 declared (R$180 for split boxes); site disclaimer: 'valores sao estimativas e podem variar devido a taxas, cubagem, quantidade de envios'"
Jadlog,.Package,03005-000,Aracaju,SE,40x30x30,3,6.0,78.66,8,"https://www.melhorenvio.com.br/api/v2/calculator (public GET, no login; same engine as the calculator on https://melhorenvio.com.br/)",2026-09-19T18:42:15.374950Z,FALSE,"MEASUREMENT public calculator (pre-registration, CPF or CNPJ, no contract, no minimum); delivery_range 7-9 days; insurance_value R$359 declared (R$180 for split boxes); site disclaimer: 'valores sao estimativas e podem variar devido a taxas, cubagem, quantidade de envios'"
Jadlog,.Com,03005-000,Aracaju,SE,40x30x30,3,6.0,109.91,7,"https://www.melhorenvio.com.br/api/v2/calculator (public GET, no login; same engine as the calculator on https://melhorenvio.com.br/)",2026-09-19T18:42:15.374950Z,FALSE,"MEASUREMENT public calculator (pre-registration, CPF or CNPJ, no contract, no minimum); delivery_range 6-8 days; insurance_value R$359 declared (R$180 for split boxes); site disclaimer: 'valores sao estimativas e podem variar devido a taxas, cubagem, quantidade de envios'"
LATAM Cargo,éFácil,03005-000,Aracaju,SE,40x30x30,3,6.0,50.80,4,"https://www.melhorenvio.com.br/api/v2/calculator (public GET, no login; same engine as the calculator on https://melhorenvio.com.br/)",2026-09-19T18:42:15.374950Z,FALSE,"MEASUREMENT public calculator (pre-registration, CPF or CNPJ, no contract, no minimum); delivery_range 3-5 days; insurance_value R$359 declared (R$180 for split boxes); site disclaimer: 'valores sao estimativas e podem variar devido a taxas, cubagem, quantidade de envios'"
Jadlog,.Package Centralizado,03005-000,Aracaju,SE,40x30x30,3,6.0,77.86,6,"https://www.melhorenvio.com.br/api/v2/calculator (public GET, no login; same engine as the calculator on https://melhorenvio.com.br/)",2026-09-19T18:42:15.374950Z,FALSE,"MEASUREMENT public calculator (pre-registration, CPF or CNPJ, no contract, no minimum); delivery_range 5-7 days; insurance_value R$359 declared (R$180 for split boxes); site disclaimer: 'valores sao estimativas e podem variar devido a taxas, cubagem, quantidade de envios'"
Loggi,Express,03005-000,Aracaju,SE,40x30x30,3,6.0,72.20,7,"https://www.melhorenvio.com.br/api/v2/calculator (public GET, no login; same engine as the calculator on https://melhorenvio.com.br/)",2026-09-19T18:42:15.374950Z,FALSE,"MEASUREMENT public calculator (pre-registration, CPF or CNPJ, no contract, no minimum); delivery_range 6-8 days; insurance_value R$359 declared (R$180 for split boxes); site disclaimer: 'valores sao estimativas e podem variar devido a taxas, cubagem, quantidade de envios'"
Loggi,Coleta,03005-000,Aracaju,SE,40x30x30,3,6.0,85.75,8,"https://www.melhorenvio.com.br/api/v2/calculator (public GET, no login; same engine as the calculator on https://melhorenvio.com.br/)",2026-09-19T18:42:15.374950Z,FALSE,"MEASUREMENT public calculator (pre-registration, CPF or CNPJ, no contract, no minimum); delivery_range 7-9 days; insurance_value R$359 declared (R$180 for split boxes); site disclaimer: 'valores sao estimativas e podem variar devido a taxas, cubagem, quantidade de envios'"
JeT,Standard,03005-000,Aracaju,SE,40x30x30,3,6.0,66.17,4,"https://www.melhorenvio.com.br/api/v2/calculator (public GET, no login; same engine as the calculator on https://melhorenvio.com.br/)",2026-09-19T18:42:15.374950Z,FALSE,"MEASUREMENT public calculator (pre-registration, CPF or CNPJ, no contract, no minimum); delivery_range 3-5 days; insurance_value R$359 declared (R$180 for split boxes); site disclaimer: 'valores sao estimativas e podem variar devido a taxas, cubagem, quantidade de envios'"
Loggi,Loggi Ponto,03005-000,Aracaju,SE,40x30x30,3,6.0,64.33,9,"https://www.melhorenvio.com.br/api/v2/calculator (public GET, no login; same engine as the calculator on https://melhorenvio.com.br/)",2026-09-19T18:42:15.374950Z,FALSE,"MEASUREMENT public calculator (pre-registration, CPF or CNPJ, no contract, no minimum); delivery_range 8-10 days; insurance_value R$359 declared (R$180 for split boxes); site disclaimer: 'valores sao estimativas e podem variar devido a taxas, cubagem, quantidade de envios'"
Total Express,Standard,03005-000,Aracaju,SE,40x30x30,3,6.0,110.58,6,"https://www.melhorenvio.com.br/api/v2/calculator (public GET, no login; same engine as the calculator on https://melhorenvio.com.br/)",2026-09-19T18:42:15.374950Z,FALSE,"MEASUREMENT public calculator (pre-registration, CPF or CNPJ, no contract, no minimum); delivery_range 5-6 days; insurance_value R$359 declared (R$180 for split boxes); site disclaimer: 'valores sao estimativas e podem variar devido a taxas, cubagem, quantidade de envios'"
Correios,PAC,03005-000,Natal,RN,60x40x40,3,16.0,164.71,9,"https://www.melhorenvio.com.br/api/v2/calculator (public GET, no login; same engine as the calculator on https://melhorenvio.com.br/)",2026-09-19T18:42:17.235805Z,FALSE,"MEASUREMENT public calculator (pre-registration, CPF or CNPJ, no contract, no minimum); delivery_range 7-10 days; insurance_value R$359 declared (R$180 for split boxes); site disclaimer: 'valores sao estimativas e podem variar devido a taxas, cubagem, quantidade de envios'"
Correios,SEDEX,03005-000,Natal,RN,60x40x40,3,16.0,420.57,4,"https://www.melhorenvio.com.br/api/v2/calculator (public GET, no login; same engine as the calculator on https://melhorenvio.com.br/)",2026-09-19T18:42:17.235805Z,FALSE,"MEASUREMENT public calculator (pre-registration, CPF or CNPJ, no contract, no minimum); delivery_range 2-5 days; insurance_value R$359 declared (R$180 for split boxes); site disclaimer: 'valores sao estimativas e podem variar devido a taxas, cubagem, quantidade de envios'"
Jadlog,.Package,03005-000,Natal,RN,60x40x40,3,16.0,242.75,9,"https://www.melhorenvio.com.br/api/v2/calculator (public GET, no login; same engine as the calculator on https://melhorenvio.com.br/)",2026-09-19T18:42:17.235805Z,FALSE,"MEASUREMENT public calculator (pre-registration, CPF or CNPJ, no contract, no minimum); delivery_range 8-10 days; insurance_value R$359 declared (R$180 for split boxes); site disclaimer: 'valores sao estimativas e podem variar devido a taxas, cubagem, quantidade de envios'"
Jadlog,.Com,03005-000,Natal,RN,60x40x40,3,16.0,374.65,8,"https://www.melhorenvio.com.br/api/v2/calculator (public GET, no login; same engine as the calculator on https://melhorenvio.com.br/)",2026-09-19T18:42:17.235805Z,FALSE,"MEASUREMENT public calculator (pre-registration, CPF or CNPJ, no contract, no minimum); delivery_range 7-9 days; insurance_value R$359 declared (R$180 for split boxes); site disclaimer: 'valores sao estimativas e podem variar devido a taxas, cubagem, quantidade de envios'"
LATAM Cargo,éFácil,03005-000,Natal,RN,60x40x40,3,16.0,88.09,2,"https://www.melhorenvio.com.br/api/v2/calculator (public GET, no login; same engine as the calculator on https://melhorenvio.com.br/)",2026-09-19T18:42:17.235805Z,FALSE,"MEASUREMENT public calculator (pre-registration, CPF or CNPJ, no contract, no minimum); delivery_range 1-3 days; insurance_value R$359 declared (R$180 for split boxes); site disclaimer: 'valores sao estimativas e podem variar devido a taxas, cubagem, quantidade de envios'"
Jadlog,.Package Centralizado,03005-000,Natal,RN,60x40x40,3,16.0,221.30,8,"https://www.melhorenvio.com.br/api/v2/calculator (public GET, no login; same engine as the calculator on https://melhorenvio.com.br/)",2026-09-19T18:42:17.235805Z,FALSE,"MEASUREMENT public calculator (pre-registration, CPF or CNPJ, no contract, no minimum); delivery_range 7-9 days; insurance_value R$359 declared (R$180 for split boxes); site disclaimer: 'valores sao estimativas e podem variar devido a taxas, cubagem, quantidade de envios'"
JeT,Standard,03005-000,Natal,RN,60x40x40,3,16.0,267.45,6,"https://www.melhorenvio.com.br/api/v2/calculator (public GET, no login; same engine as the calculator on https://melhorenvio.com.br/)",2026-09-19T18:42:17.235805Z,FALSE,"MEASUREMENT public calculator (pre-registration, CPF or CNPJ, no contract, no minimum); delivery_range 5-7 days; insurance_value R$359 declared (R$180 for split boxes); site disclaimer: 'valores sao estimativas e podem variar devido a taxas, cubagem, quantidade de envios'"
Total Express,Standard,03005-000,Natal,RN,60x40x40,3,16.0,279.74,9,"https://www.melhorenvio.com.br/api/v2/calculator (public GET, no login; same engine as the calculator on https://melhorenvio.com.br/)",2026-09-19T18:42:17.235805Z,FALSE,"MEASUREMENT public calculator (pre-registration, CPF or CNPJ, no contract, no minimum); delivery_range 8-9 days; insurance_value R$359 declared (R$180 for split boxes); site disclaimer: 'valores sao estimativas e podem variar devido a taxas, cubagem, quantidade de envios'"
Correios,PAC,03005-000,Natal,RN,40x30x30,3,6.0,74.27,9,"https://www.melhorenvio.com.br/api/v2/calculator (public GET, no login; same engine as the calculator on https://melhorenvio.com.br/)",2026-09-19T18:42:19.120007Z,FALSE,"MEASUREMENT public calculator (pre-registration, CPF or CNPJ, no contract, no minimum); delivery_range 7-10 days; insurance_value R$359 declared (R$180 for split boxes); site disclaimer: 'valores sao estimativas e podem variar devido a taxas, cubagem, quantidade de envios'"
Correios,SEDEX,03005-000,Natal,RN,40x30x30,3,6.0,171.84,4,"https://www.melhorenvio.com.br/api/v2/calculator (public GET, no login; same engine as the calculator on https://melhorenvio.com.br/)",2026-09-19T18:42:19.120007Z,FALSE,"MEASUREMENT public calculator (pre-registration, CPF or CNPJ, no contract, no minimum); delivery_range 2-5 days; insurance_value R$359 declared (R$180 for split boxes); site disclaimer: 'valores sao estimativas e podem variar devido a taxas, cubagem, quantidade de envios'"
Jadlog,.Package,03005-000,Natal,RN,40x30x30,3,6.0,90.04,9,"https://www.melhorenvio.com.br/api/v2/calculator (public GET, no login; same engine as the calculator on https://melhorenvio.com.br/)",2026-09-19T18:42:19.120007Z,FALSE,"MEASUREMENT public calculator (pre-registration, CPF or CNPJ, no contract, no minimum); delivery_range 8-10 days; insurance_value R$359 declared (R$180 for split boxes); site disclaimer: 'valores sao estimativas e podem variar devido a taxas, cubagem, quantidade de envios'"
Jadlog,.Com,03005-000,Natal,RN,40x30x30,3,6.0,147.99,8,"https://www.melhorenvio.com.br/api/v2/calculator (public GET, no login; same engine as the calculator on https://melhorenvio.com.br/)",2026-09-19T18:42:19.120007Z,FALSE,"MEASUREMENT public calculator (pre-registration, CPF or CNPJ, no contract, no minimum); delivery_range 7-9 days; insurance_value R$359 declared (R$180 for split boxes); site disclaimer: 'valores sao estimativas e podem variar devido a taxas, cubagem, quantidade de envios'"
LATAM Cargo,éFácil,03005-000,Natal,RN,40x30x30,3,6.0,42.04,2,"https://www.melhorenvio.com.br/api/v2/calculator (public GET, no login; same engine as the calculator on https://melhorenvio.com.br/)",2026-09-19T18:42:19.120007Z,FALSE,"MEASUREMENT public calculator (pre-registration, CPF or CNPJ, no contract, no minimum); delivery_range 1-3 days; insurance_value R$359 declared (R$180 for split boxes); site disclaimer: 'valores sao estimativas e podem variar devido a taxas, cubagem, quantidade de envios'"
Jadlog,.Package Centralizado,03005-000,Natal,RN,40x30x30,3,6.0,96.57,8,"https://www.melhorenvio.com.br/api/v2/calculator (public GET, no login; same engine as the calculator on https://melhorenvio.com.br/)",2026-09-19T18:42:19.120007Z,FALSE,"MEASUREMENT public calculator (pre-registration, CPF or CNPJ, no contract, no minimum); delivery_range 7-9 days; insurance_value R$359 declared (R$180 for split boxes); site disclaimer: 'valores sao estimativas e podem variar devido a taxas, cubagem, quantidade de envios'"
JeT,Standard,03005-000,Natal,RN,40x30x30,3,6.0,90.22,6,"https://www.melhorenvio.com.br/api/v2/calculator (public GET, no login; same engine as the calculator on https://melhorenvio.com.br/)",2026-09-19T18:42:19.120007Z,FALSE,"MEASUREMENT public calculator (pre-registration, CPF or CNPJ, no contract, no minimum); delivery_range 5-7 days; insurance_value R$359 declared (R$180 for split boxes); site disclaimer: 'valores sao estimativas e podem variar devido a taxas, cubagem, quantidade de envios'"
Total Express,Standard,03005-000,Natal,RN,40x30x30,3,6.0,111.21,9,"https://www.melhorenvio.com.br/api/v2/calculator (public GET, no login; same engine as the calculator on https://melhorenvio.com.br/)",2026-09-19T18:42:19.120007Z,FALSE,"MEASUREMENT public calculator (pre-registration, CPF or CNPJ, no contract, no minimum); delivery_range 8-9 days; insurance_value R$359 declared (R$180 for split boxes); site disclaimer: 'valores sao estimativas e podem variar devido a taxas, cubagem, quantidade de envios'"
Correios,PAC,03005-000,Recife,PE,60x40x20,1,8.0,70.47,8,"https://www.melhorenvio.com.br/api/v2/calculator (public GET, no login; same engine as the calculator on https://melhorenvio.com.br/)",2026-09-19T18:44:53.501116Z,FALSE,"MEASUREMENT public calculator (pre-registration, CPF or CNPJ, no contract, no minimum); delivery_range 6-9 days; insurance_value R$359 declared (R$180 for split boxes); site disclaimer: 'valores sao estimativas e podem variar devido a taxas, cubagem, quantidade de envios'"
Correios,SEDEX,03005-000,Recife,PE,60x40x20,1,8.0,169.83,3,"https://www.melhorenvio.com.br/api/v2/calculator (public GET, no login; same engine as the calculator on https://melhorenvio.com.br/)",2026-09-19T18:44:53.501116Z,FALSE,"MEASUREMENT public calculator (pre-registration, CPF or CNPJ, no contract, no minimum); delivery_range 1-4 days; insurance_value R$359 declared (R$180 for split boxes); site disclaimer: 'valores sao estimativas e podem variar devido a taxas, cubagem, quantidade de envios'"
Jadlog,.Package,03005-000,Recife,PE,60x40x20,1,8.0,106.93,9,"https://www.melhorenvio.com.br/api/v2/calculator (public GET, no login; same engine as the calculator on https://melhorenvio.com.br/)",2026-09-19T18:44:53.501116Z,FALSE,"MEASUREMENT public calculator (pre-registration, CPF or CNPJ, no contract, no minimum); delivery_range 8-10 days; insurance_value R$359 declared (R$180 for split boxes); site disclaimer: 'valores sao estimativas e podem variar devido a taxas, cubagem, quantidade de envios'"
Jadlog,.Com,03005-000,Recife,PE,60x40x20,1,8.0,140.68,8,"https://www.melhorenvio.com.br/api/v2/calculator (public GET, no login; same engine as the calculator on https://melhorenvio.com.br/)",2026-09-19T18:44:53.501116Z,FALSE,"MEASUREMENT public calculator (pre-registration, CPF or CNPJ, no contract, no minimum); delivery_range 7-9 days; insurance_value R$359 declared (R$180 for split boxes); site disclaimer: 'valores sao estimativas e podem variar devido a taxas, cubagem, quantidade de envios'"
LATAM Cargo,éFácil,03005-000,Recife,PE,60x40x20,1,8.0,52.66,2,"https://www.melhorenvio.com.br/api/v2/calculator (public GET, no login; same engine as the calculator on https://melhorenvio.com.br/)",2026-09-19T18:44:53.501116Z,FALSE,"MEASUREMENT public calculator (pre-registration, CPF or CNPJ, no contract, no minimum); delivery_range 1-3 days; insurance_value R$359 declared (R$180 for split boxes); site disclaimer: 'valores sao estimativas e podem variar devido a taxas, cubagem, quantidade de envios'"
Jadlog,.Package Centralizado,03005-000,Recife,PE,60x40x20,1,8.0,104.66,7,"https://www.melhorenvio.com.br/api/v2/calculator (public GET, no login; same engine as the calculator on https://melhorenvio.com.br/)",2026-09-19T18:44:53.501116Z,FALSE,"MEASUREMENT public calculator (pre-registration, CPF or CNPJ, no contract, no minimum); delivery_range 6-8 days; insurance_value R$359 declared (R$180 for split boxes); site disclaimer: 'valores sao estimativas e podem variar devido a taxas, cubagem, quantidade de envios'"
Loggi,Express,03005-000,Recife,PE,60x40x20,1,8.0,68.86,6,"https://www.melhorenvio.com.br/api/v2/calculator (public GET, no login; same engine as the calculator on https://melhorenvio.com.br/)",2026-09-19T18:44:53.501116Z,FALSE,"MEASUREMENT public calculator (pre-registration, CPF or CNPJ, no contract, no minimum); delivery_range 5-7 days; insurance_value R$359 declared (R$180 for split boxes); site disclaimer: 'valores sao estimativas e podem variar devido a taxas, cubagem, quantidade de envios'"
Loggi,Coleta,03005-000,Recife,PE,60x40x20,1,8.0,106.93,7,"https://www.melhorenvio.com.br/api/v2/calculator (public GET, no login; same engine as the calculator on https://melhorenvio.com.br/)",2026-09-19T18:44:53.501116Z,FALSE,"MEASUREMENT public calculator (pre-registration, CPF or CNPJ, no contract, no minimum); delivery_range 6-8 days; insurance_value R$359 declared (R$180 for split boxes); site disclaimer: 'valores sao estimativas e podem variar devido a taxas, cubagem, quantidade de envios'"
JeT,Standard,03005-000,Recife,PE,60x40x20,1,8.0,90.44,5,"https://www.melhorenvio.com.br/api/v2/calculator (public GET, no login; same engine as the calculator on https://melhorenvio.com.br/)",2026-09-19T18:44:53.501116Z,FALSE,"MEASUREMENT public calculator (pre-registration, CPF or CNPJ, no contract, no minimum); delivery_range 4-6 days; insurance_value R$359 declared (R$180 for split boxes); site disclaimer: 'valores sao estimativas e podem variar devido a taxas, cubagem, quantidade de envios'"
Loggi,Loggi Ponto,03005-000,Recife,PE,60x40x20,1,8.0,61.20,8,"https://www.melhorenvio.com.br/api/v2/calculator (public GET, no login; same engine as the calculator on https://melhorenvio.com.br/)",2026-09-19T18:44:53.501116Z,FALSE,"MEASUREMENT public calculator (pre-registration, CPF or CNPJ, no contract, no minimum); delivery_range 7-9 days; insurance_value R$359 declared (R$180 for split boxes); site disclaimer: 'valores sao estimativas e podem variar devido a taxas, cubagem, quantidade de envios'"
Total Express,Standard,03005-000,Recife,PE,60x40x20,1,8.0,134.72,13,"https://www.melhorenvio.com.br/api/v2/calculator (public GET, no login; same engine as the calculator on https://melhorenvio.com.br/)",2026-09-19T18:44:53.501116Z,FALSE,"MEASUREMENT public calculator (pre-registration, CPF or CNPJ, no contract, no minimum); delivery_range 12-13 days; insurance_value R$359 declared (R$180 for split boxes); site disclaimer: 'valores sao estimativas e podem variar devido a taxas, cubagem, quantidade de envios'"
Correios,PAC,03005-000,Recife,PE,40x30x25,2,5.0,37.65,8,"https://www.melhorenvio.com.br/api/v2/calculator (public GET, no login; same engine as the calculator on https://melhorenvio.com.br/)",2026-09-19T18:44:54.914980Z,FALSE,"MEASUREMENT public calculator (pre-registration, CPF or CNPJ, no contract, no minimum); delivery_range 6-9 days; insurance_value R$359 declared (R$180 for split boxes); site disclaimer: 'valores sao estimativas e podem variar devido a taxas, cubagem, quantidade de envios'"
Correios,SEDEX,03005-000,Recife,PE,40x30x25,2,5.0,83.00,3,"https://www.melhorenvio.com.br/api/v2/calculator (public GET, no login; same engine as the calculator on https://melhorenvio.com.br/)",2026-09-19T18:44:54.914980Z,FALSE,"MEASUREMENT public calculator (pre-registration, CPF or CNPJ, no contract, no minimum); delivery_range 1-4 days; insurance_value R$359 declared (R$180 for split boxes); site disclaimer: 'valores sao estimativas e podem variar devido a taxas, cubagem, quantidade de envios'"
Jadlog,.Package,03005-000,Recife,PE,40x30x25,2,5.0,64.49,9,"https://www.melhorenvio.com.br/api/v2/calculator (public GET, no login; same engine as the calculator on https://melhorenvio.com.br/)",2026-09-19T18:44:54.914980Z,FALSE,"MEASUREMENT public calculator (pre-registration, CPF or CNPJ, no contract, no minimum); delivery_range 8-10 days; insurance_value R$359 declared (R$180 for split boxes); site disclaimer: 'valores sao estimativas e podem variar devido a taxas, cubagem, quantidade de envios'"
Jadlog,.Com,03005-000,Recife,PE,40x30x25,2,5.0,97.25,8,"https://www.melhorenvio.com.br/api/v2/calculator (public GET, no login; same engine as the calculator on https://melhorenvio.com.br/)",2026-09-19T18:44:54.914980Z,FALSE,"MEASUREMENT public calculator (pre-registration, CPF or CNPJ, no contract, no minimum); delivery_range 7-9 days; insurance_value R$359 declared (R$180 for split boxes); site disclaimer: 'valores sao estimativas e podem variar devido a taxas, cubagem, quantidade de envios'"
LATAM Cargo,éFácil,03005-000,Recife,PE,40x30x25,2,5.0,47.51,2,"https://www.melhorenvio.com.br/api/v2/calculator (public GET, no login; same engine as the calculator on https://melhorenvio.com.br/)",2026-09-19T18:44:54.914980Z,FALSE,"MEASUREMENT public calculator (pre-registration, CPF or CNPJ, no contract, no minimum); delivery_range 1-3 days; insurance_value R$359 declared (R$180 for split boxes); site disclaimer: 'valores sao estimativas e podem variar devido a taxas, cubagem, quantidade de envios'"
Jadlog,.Package Centralizado,03005-000,Recife,PE,40x30x25,2,5.0,70.87,7,"https://www.melhorenvio.com.br/api/v2/calculator (public GET, no login; same engine as the calculator on https://melhorenvio.com.br/)",2026-09-19T18:44:54.914980Z,FALSE,"MEASUREMENT public calculator (pre-registration, CPF or CNPJ, no contract, no minimum); delivery_range 6-8 days; insurance_value R$359 declared (R$180 for split boxes); site disclaimer: 'valores sao estimativas e podem variar devido a taxas, cubagem, quantidade de envios'"
Loggi,Express,03005-000,Recife,PE,40x30x25,2,5.0,51.39,6,"https://www.melhorenvio.com.br/api/v2/calculator (public GET, no login; same engine as the calculator on https://melhorenvio.com.br/)",2026-09-19T18:44:54.914980Z,FALSE,"MEASUREMENT public calculator (pre-registration, CPF or CNPJ, no contract, no minimum); delivery_range 5-7 days; insurance_value R$359 declared (R$180 for split boxes); site disclaimer: 'valores sao estimativas e podem variar devido a taxas, cubagem, quantidade de envios'"
Loggi,Coleta,03005-000,Recife,PE,40x30x25,2,5.0,84.10,7,"https://www.melhorenvio.com.br/api/v2/calculator (public GET, no login; same engine as the calculator on https://melhorenvio.com.br/)",2026-09-19T18:44:54.914980Z,FALSE,"MEASUREMENT public calculator (pre-registration, CPF or CNPJ, no contract, no minimum); delivery_range 6-8 days; insurance_value R$359 declared (R$180 for split boxes); site disclaimer: 'valores sao estimativas e podem variar devido a taxas, cubagem, quantidade de envios'"
JeT,Standard,03005-000,Recife,PE,40x30x25,2,5.0,22.40,5,"https://www.melhorenvio.com.br/api/v2/calculator (public GET, no login; same engine as the calculator on https://melhorenvio.com.br/)",2026-09-19T18:44:54.914980Z,FALSE,"MEASUREMENT public calculator (pre-registration, CPF or CNPJ, no contract, no minimum); delivery_range 4-6 days; insurance_value R$359 declared (R$180 for split boxes); site disclaimer: 'valores sao estimativas e podem variar devido a taxas, cubagem, quantidade de envios'"
Loggi,Loggi Ponto,03005-000,Recife,PE,40x30x25,2,5.0,44.68,8,"https://www.melhorenvio.com.br/api/v2/calculator (public GET, no login; same engine as the calculator on https://melhorenvio.com.br/)",2026-09-19T18:44:54.914980Z,FALSE,"MEASUREMENT public calculator (pre-registration, CPF or CNPJ, no contract, no minimum); delivery_range 7-9 days; insurance_value R$359 declared (R$180 for split boxes); site disclaimer: 'valores sao estimativas e podem variar devido a taxas, cubagem, quantidade de envios'"
Total Express,Standard,03005-000,Recife,PE,40x30x25,2,5.0,89.30,13,"https://www.melhorenvio.com.br/api/v2/calculator (public GET, no login; same engine as the calculator on https://melhorenvio.com.br/)",2026-09-19T18:44:54.914980Z,FALSE,"MEASUREMENT public calculator (pre-registration, CPF or CNPJ, no contract, no minimum); delivery_range 12-13 days; insurance_value R$359 declared (R$180 for split boxes); site disclaimer: 'valores sao estimativas e podem variar devido a taxas, cubagem, quantidade de envios'"
Correios,PAC,03005-000,Fortaleza,CE,60x40x20,1,8.0,70.47,9,"https://www.melhorenvio.com.br/api/v2/calculator (public GET, no login; same engine as the calculator on https://melhorenvio.com.br/)",2026-09-19T18:44:56.449012Z,FALSE,"MEASUREMENT public calculator (pre-registration, CPF or CNPJ, no contract, no minimum); delivery_range 7-10 days; insurance_value R$359 declared (R$180 for split boxes); site disclaimer: 'valores sao estimativas e podem variar devido a taxas, cubagem, quantidade de envios'"
Correios,SEDEX,03005-000,Fortaleza,CE,60x40x20,1,8.0,169.83,3,"https://www.melhorenvio.com.br/api/v2/calculator (public GET, no login; same engine as the calculator on https://melhorenvio.com.br/)",2026-09-19T18:44:56.449012Z,FALSE,"MEASUREMENT public calculator (pre-registration, CPF or CNPJ, no contract, no minimum); delivery_range 1-4 days; insurance_value R$359 declared (R$180 for split boxes); site disclaimer: 'valores sao estimativas e podem variar devido a taxas, cubagem, quantidade de envios'"
Jadlog,.Package,03005-000,Fortaleza,CE,60x40x20,1,8.0,103.93,8,"https://www.melhorenvio.com.br/api/v2/calculator (public GET, no login; same engine as the calculator on https://melhorenvio.com.br/)",2026-09-19T18:44:56.449012Z,FALSE,"MEASUREMENT public calculator (pre-registration, CPF or CNPJ, no contract, no minimum); delivery_range 7-9 days; insurance_value R$359 declared (R$180 for split boxes); site disclaimer: 'valores sao estimativas e podem variar devido a taxas, cubagem, quantidade de envios'"
Jadlog,.Com,03005-000,Fortaleza,CE,60x40x20,1,8.0,146.35,7,"https://www.melhorenvio.com.br/api/v2/calculator (public GET, no login; same engine as the calculator on https://melhorenvio.com.br/)",2026-09-19T18:44:56.449012Z,FALSE,"MEASUREMENT public calculator (pre-registration, CPF or CNPJ, no contract, no minimum); delivery_range 6-8 days; insurance_value R$359 declared (R$180 for split boxes); site disclaimer: 'valores sao estimativas e podem variar devido a taxas, cubagem, quantidade de envios'"
LATAM Cargo,éFácil,03005-000,Fortaleza,CE,60x40x20,1,8.0,58.59,2,"https://www.melhorenvio.com.br/api/v2/calculator (public GET, no login; same engine as the calculator on https://melhorenvio.com.br/)",2026-09-19T18:44:56.449012Z,FALSE,"MEASUREMENT public calculator (pre-registration, CPF or CNPJ, no contract, no minimum); delivery_range 1-3 days; insurance_value R$359 declared (R$180 for split boxes); site disclaimer: 'valores sao estimativas e podem variar devido a taxas, cubagem, quantidade de envios'"
Jadlog,.Package Centralizado,03005-000,Fortaleza,CE,60x40x20,1,8.0,131.39,7,"https://www.melhorenvio.com.br/api/v2/calculator (public GET, no login; same engine as the calculator on https://melhorenvio.com.br/)",2026-09-19T18:44:56.449012Z,FALSE,"MEASUREMENT public calculator (pre-registration, CPF or CNPJ, no contract, no minimum); delivery_range 6-8 days; insurance_value R$359 declared (R$180 for split boxes); site disclaimer: 'valores sao estimativas e podem variar devido a taxas, cubagem, quantidade de envios'"
JeT,Standard,03005-000,Fortaleza,CE,60x40x20,1,8.0,94.16,5,"https://www.melhorenvio.com.br/api/v2/calculator (public GET, no login; same engine as the calculator on https://melhorenvio.com.br/)",2026-09-19T18:44:56.449012Z,FALSE,"MEASUREMENT public calculator (pre-registration, CPF or CNPJ, no contract, no minimum); delivery_range 4-6 days; insurance_value R$359 declared (R$180 for split boxes); site disclaimer: 'valores sao estimativas e podem variar devido a taxas, cubagem, quantidade de envios'"
Total Express,Standard,03005-000,Fortaleza,CE,60x40x20,1,8.0,135.23,12,"https://www.melhorenvio.com.br/api/v2/calculator (public GET, no login; same engine as the calculator on https://melhorenvio.com.br/)",2026-09-19T18:44:56.449012Z,FALSE,"MEASUREMENT public calculator (pre-registration, CPF or CNPJ, no contract, no minimum); delivery_range 11-12 days; insurance_value R$359 declared (R$180 for split boxes); site disclaimer: 'valores sao estimativas e podem variar devido a taxas, cubagem, quantidade de envios'"
Correios,PAC,03005-000,Fortaleza,CE,40x30x25,2,5.0,37.65,9,"https://www.melhorenvio.com.br/api/v2/calculator (public GET, no login; same engine as the calculator on https://melhorenvio.com.br/)",2026-09-19T18:44:58.010295Z,FALSE,"MEASUREMENT public calculator (pre-registration, CPF or CNPJ, no contract, no minimum); delivery_range 7-10 days; insurance_value R$359 declared (R$180 for split boxes); site disclaimer: 'valores sao estimativas e podem variar devido a taxas, cubagem, quantidade de envios'"
Correios,SEDEX,03005-000,Fortaleza,CE,40x30x25,2,5.0,83.00,3,"https://www.melhorenvio.com.br/api/v2/calculator (public GET, no login; same engine as the calculator on https://melhorenvio.com.br/)",2026-09-19T18:44:58.010295Z,FALSE,"MEASUREMENT public calculator (pre-registration, CPF or CNPJ, no contract, no minimum); delivery_range 1-4 days; insurance_value R$359 declared (R$180 for split boxes); site disclaimer: 'valores sao estimativas e podem variar devido a taxas, cubagem, quantidade de envios'"
Jadlog,.Package,03005-000,Fortaleza,CE,40x30x25,2,5.0,61.50,8,"https://www.melhorenvio.com.br/api/v2/calculator (public GET, no login; same engine as the calculator on https://melhorenvio.com.br/)",2026-09-19T18:44:58.010295Z,FALSE,"MEASUREMENT public calculator (pre-registration, CPF or CNPJ, no contract, no minimum); delivery_range 7-9 days; insurance_value R$359 declared (R$180 for split boxes); site disclaimer: 'valores sao estimativas e podem variar devido a taxas, cubagem, quantidade de envios'"
Jadlog,.Com,03005-000,Fortaleza,CE,40x30x25,2,5.0,110.42,7,"https://www.melhorenvio.com.br/api/v2/calculator (public GET, no login; same engine as the calculator on https://melhorenvio.com.br/)",2026-09-19T18:44:58.010295Z,FALSE,"MEASUREMENT public calculator (pre-registration, CPF or CNPJ, no contract, no minimum); delivery_range 6-8 days; insurance_value R$359 declared (R$180 for split boxes); site disclaimer: 'valores sao estimativas e podem variar devido a taxas, cubagem, quantidade de envios'"
LATAM Cargo,éFácil,03005-000,Fortaleza,CE,40x30x25,2,5.0,50.38,2,"https://www.melhorenvio.com.br/api/v2/calculator (public GET, no login; same engine as the calculator on https://melhorenvio.com.br/)",2026-09-19T18:44:58.010295Z,FALSE,"MEASUREMENT public calculator (pre-registration, CPF or CNPJ, no contract, no minimum); delivery_range 1-3 days; insurance_value R$359 declared (R$180 for split boxes); site disclaimer: 'valores sao estimativas e podem variar devido a taxas, cubagem, quantidade de envios'"
Jadlog,.Package Centralizado,03005-000,Fortaleza,CE,40x30x25,2,5.0,85.22,7,"https://www.melhorenvio.com.br/api/v2/calculator (public GET, no login; same engine as the calculator on https://melhorenvio.com.br/)",2026-09-19T18:44:58.010295Z,FALSE,"MEASUREMENT public calculator (pre-registration, CPF or CNPJ, no contract, no minimum); delivery_range 6-8 days; insurance_value R$359 declared (R$180 for split boxes); site disclaimer: 'valores sao estimativas e podem variar devido a taxas, cubagem, quantidade de envios'"
JeT,Standard,03005-000,Fortaleza,CE,40x30x25,2,5.0,26.58,5,"https://www.melhorenvio.com.br/api/v2/calculator (public GET, no login; same engine as the calculator on https://melhorenvio.com.br/)",2026-09-19T18:44:58.010295Z,FALSE,"MEASUREMENT public calculator (pre-registration, CPF or CNPJ, no contract, no minimum); delivery_range 4-6 days; insurance_value R$359 declared (R$180 for split boxes); site disclaimer: 'valores sao estimativas e podem variar devido a taxas, cubagem, quantidade de envios'"
Total Express,Standard,03005-000,Fortaleza,CE,40x30x25,2,5.0,89.64,12,"https://www.melhorenvio.com.br/api/v2/calculator (public GET, no login; same engine as the calculator on https://melhorenvio.com.br/)",2026-09-19T18:44:58.010295Z,FALSE,"MEASUREMENT public calculator (pre-registration, CPF or CNPJ, no contract, no minimum); delivery_range 11-12 days; insurance_value R$359 declared (R$180 for split boxes); site disclaimer: 'valores sao estimativas e podem variar devido a taxas, cubagem, quantidade de envios'"
Correios,PAC,03005-000,São Luís,MA,60x40x20,1,8.0,86.90,10,"https://www.melhorenvio.com.br/api/v2/calculator (public GET, no login; same engine as the calculator on https://melhorenvio.com.br/)",2026-09-19T18:44:59.809956Z,FALSE,"MEASUREMENT public calculator (pre-registration, CPF or CNPJ, no contract, no minimum); delivery_range 8-11 days; insurance_value R$359 declared (R$180 for split boxes); site disclaimer: 'valores sao estimativas e podem variar devido a taxas, cubagem, quantidade de envios'"
Correios,SEDEX,03005-000,São Luís,MA,60x40x20,1,8.0,205.26,6,"https://www.melhorenvio.com.br/api/v2/calculator (public GET, no login; same engine as the calculator on https://melhorenvio.com.br/)",2026-09-19T18:44:59.809956Z,FALSE,"MEASUREMENT public calculator (pre-registration, CPF or CNPJ, no contract, no minimum); delivery_range 4-7 days; insurance_value R$359 declared (R$180 for split boxes); site disclaimer: 'valores sao estimativas e podem variar devido a taxas, cubagem, quantidade de envios'"
Jadlog,.Package,03005-000,São Luís,MA,60x40x20,1,8.0,124.53,11,"https://www.melhorenvio.com.br/api/v2/calculator (public GET, no login; same engine as the calculator on https://melhorenvio.com.br/)",2026-09-19T18:44:59.809956Z,FALSE,"MEASUREMENT public calculator (pre-registration, CPF or CNPJ, no contract, no minimum); delivery_range 10-12 days; insurance_value R$359 declared (R$180 for split boxes); site disclaimer: 'valores sao estimativas e podem variar devido a taxas, cubagem, quantidade de envios'"
Jadlog,.Com,03005-000,São Luís,MA,60x40x20,1,8.0,177.14,10,"https://www.melhorenvio.com.br/api/v2/calculator (public GET, no login; same engine as the calculator on https://melhorenvio.com.br/)",2026-09-19T18:44:59.809956Z,FALSE,"MEASUREMENT public calculator (pre-registration, CPF or CNPJ, no contract, no minimum); delivery_range 9-11 days; insurance_value R$359 declared (R$180 for split boxes); site disclaimer: 'valores sao estimativas e podem variar devido a taxas, cubagem, quantidade de envios'"
LATAM Cargo,éFácil,03005-000,São Luís,MA,60x40x20,1,8.0,59.42,6,"https://www.melhorenvio.com.br/api/v2/calculator (public GET, no login; same engine as the calculator on https://melhorenvio.com.br/)",2026-09-19T18:44:59.809956Z,FALSE,"MEASUREMENT public calculator (pre-registration, CPF or CNPJ, no contract, no minimum); delivery_range 5-7 days; insurance_value R$359 declared (R$180 for split boxes); site disclaimer: 'valores sao estimativas e podem variar devido a taxas, cubagem, quantidade de envios'"
Jadlog,.Package Centralizado,03005-000,São Luís,MA,60x40x20,1,8.0,99.89,9,"https://www.melhorenvio.com.br/api/v2/calculator (public GET, no login; same engine as the calculator on https://melhorenvio.com.br/)",2026-09-19T18:44:59.809956Z,FALSE,"MEASUREMENT public calculator (pre-registration, CPF or CNPJ, no contract, no minimum); delivery_range 8-10 days; insurance_value R$359 declared (R$180 for split boxes); site disclaimer: 'valores sao estimativas e podem variar devido a taxas, cubagem, quantidade de envios'"
Loggi,Express,03005-000,São Luís,MA,60x40x20,1,8.0,133.62,11,"https://www.melhorenvio.com.br/api/v2/calculator (public GET, no login; same engine as the calculator on https://melhorenvio.com.br/)",2026-09-19T18:44:59.809956Z,FALSE,"MEASUREMENT public calculator (pre-registration, CPF or CNPJ, no contract, no minimum); delivery_range 10-12 days; insurance_value R$359 declared (R$180 for split boxes); site disclaimer: 'valores sao estimativas e podem variar devido a taxas, cubagem, quantidade de envios'"
Loggi,Coleta,03005-000,São Luís,MA,60x40x20,1,8.0,142.46,12,"https://www.melhorenvio.com.br/api/v2/calculator (public GET, no login; same engine as the calculator on https://melhorenvio.com.br/)",2026-09-19T18:44:59.809956Z,FALSE,"MEASUREMENT public calculator (pre-registration, CPF or CNPJ, no contract, no minimum); delivery_range 11-13 days; insurance_value R$359 declared (R$180 for split boxes); site disclaimer: 'valores sao estimativas e podem variar devido a taxas, cubagem, quantidade de envios'"
JeT,Standard,03005-000,São Luís,MA,60x40x20,1,8.0,113.20,5,"https://www.melhorenvio.com.br/api/v2/calculator (public GET, no login; same engine as the calculator on https://melhorenvio.com.br/)",2026-09-19T18:44:59.809956Z,FALSE,"MEASUREMENT public calculator (pre-registration, CPF or CNPJ, no contract, no minimum); delivery_range 4-6 days; insurance_value R$359 declared (R$180 for split boxes); site disclaimer: 'valores sao estimativas e podem variar devido a taxas, cubagem, quantidade de envios'"
Loggi,Loggi Ponto,03005-000,São Luís,MA,60x40x20,1,8.0,117.66,13,"https://www.melhorenvio.com.br/api/v2/calculator (public GET, no login; same engine as the calculator on https://melhorenvio.com.br/)",2026-09-19T18:44:59.809956Z,FALSE,"MEASUREMENT public calculator (pre-registration, CPF or CNPJ, no contract, no minimum); delivery_range 12-14 days; insurance_value R$359 declared (R$180 for split boxes); site disclaimer: 'valores sao estimativas e podem variar devido a taxas, cubagem, quantidade de envios'"
Total Express,Standard,03005-000,São Luís,MA,60x40x20,1,8.0,134.95,9,"https://www.melhorenvio.com.br/api/v2/calculator (public GET, no login; same engine as the calculator on https://melhorenvio.com.br/)",2026-09-19T18:44:59.809956Z,FALSE,"MEASUREMENT public calculator (pre-registration, CPF or CNPJ, no contract, no minimum); delivery_range 8-9 days; insurance_value R$359 declared (R$180 for split boxes); site disclaimer: 'valores sao estimativas e podem variar devido a taxas, cubagem, quantidade de envios'"
Correios,PAC,03005-000,São Luís,MA,40x30x25,2,5.0,44.86,10,"https://www.melhorenvio.com.br/api/v2/calculator (public GET, no login; same engine as the calculator on https://melhorenvio.com.br/)",2026-09-19T18:45:01.351781Z,FALSE,"MEASUREMENT public calculator (pre-registration, CPF or CNPJ, no contract, no minimum); delivery_range 8-11 days; insurance_value R$359 declared (R$180 for split boxes); site disclaimer: 'valores sao estimativas e podem variar devido a taxas, cubagem, quantidade de envios'"
Correios,SEDEX,03005-000,São Luís,MA,40x30x25,2,5.0,96.55,6,"https://www.melhorenvio.com.br/api/v2/calculator (public GET, no login; same engine as the calculator on https://melhorenvio.com.br/)",2026-09-19T18:45:01.351781Z,FALSE,"MEASUREMENT public calculator (pre-registration, CPF or CNPJ, no contract, no minimum); delivery_range 4-7 days; insurance_value R$359 declared (R$180 for split boxes); site disclaimer: 'valores sao estimativas e podem variar devido a taxas, cubagem, quantidade de envios'"
Jadlog,.Package,03005-000,São Luís,MA,40x30x25,2,5.0,79.20,11,"https://www.melhorenvio.com.br/api/v2/calculator (public GET, no login; same engine as the calculator on https://melhorenvio.com.br/)",2026-09-19T18:45:01.351781Z,FALSE,"MEASUREMENT public calculator (pre-registration, CPF or CNPJ, no contract, no minimum); delivery_range 10-12 days; insurance_value R$359 declared (R$180 for split boxes); site disclaimer: 'valores sao estimativas e podem variar devido a taxas, cubagem, quantidade de envios'"
Jadlog,.Com,03005-000,São Luís,MA,40x30x25,2,5.0,133.66,10,"https://www.melhorenvio.com.br/api/v2/calculator (public GET, no login; same engine as the calculator on https://melhorenvio.com.br/)",2026-09-19T18:45:01.351781Z,FALSE,"MEASUREMENT public calculator (pre-registration, CPF or CNPJ, no contract, no minimum); delivery_range 9-11 days; insurance_value R$359 declared (R$180 for split boxes); site disclaimer: 'valores sao estimativas e podem variar devido a taxas, cubagem, quantidade de envios'"
LATAM Cargo,éFácil,03005-000,São Luís,MA,40x30x25,2,5.0,52.29,6,"https://www.melhorenvio.com.br/api/v2/calculator (public GET, no login; same engine as the calculator on https://melhorenvio.com.br/)",2026-09-19T18:45:01.351781Z,FALSE,"MEASUREMENT public calculator (pre-registration, CPF or CNPJ, no contract, no minimum); delivery_range 5-7 days; insurance_value R$359 declared (R$180 for split boxes); site disclaimer: 'valores sao estimativas e podem variar devido a taxas, cubagem, quantidade de envios'"
Jadlog,.Package Centralizado,03005-000,São Luís,MA,40x30x25,2,5.0,66.81,9,"https://www.melhorenvio.com.br/api/v2/calculator (public GET, no login; same engine as the calculator on https://melhorenvio.com.br/)",2026-09-19T18:45:01.351781Z,FALSE,"MEASUREMENT public calculator (pre-registration, CPF or CNPJ, no contract, no minimum); delivery_range 8-10 days; insurance_value R$359 declared (R$180 for split boxes); site disclaimer: 'valores sao estimativas e podem variar devido a taxas, cubagem, quantidade de envios'"
Loggi,Express,03005-000,São Luís,MA,40x30x25,2,5.0,95.99,11,"https://www.melhorenvio.com.br/api/v2/calculator (public GET, no login; same engine as the calculator on https://melhorenvio.com.br/)",2026-09-19T18:45:01.351781Z,FALSE,"MEASUREMENT public calculator (pre-registration, CPF or CNPJ, no contract, no minimum); delivery_range 10-12 days; insurance_value R$359 declared (R$180 for split boxes); site disclaimer: 'valores sao estimativas e podem variar devido a taxas, cubagem, quantidade de envios'"
Loggi,Coleta,03005-000,São Luís,MA,40x30x25,2,5.0,107.34,12,"https://www.melhorenvio.com.br/api/v2/calculator (public GET, no login; same engine as the calculator on https://melhorenvio.com.br/)",2026-09-19T18:45:01.351781Z,FALSE,"MEASUREMENT public calculator (pre-registration, CPF or CNPJ, no contract, no minimum); delivery_range 11-13 days; insurance_value R$359 declared (R$180 for split boxes); site disclaimer: 'valores sao estimativas e podem variar devido a taxas, cubagem, quantidade de envios'"
JeT,Standard,03005-000,São Luís,MA,40x30x25,2,5.0,40.90,5,"https://www.melhorenvio.com.br/api/v2/calculator (public GET, no login; same engine as the calculator on https://melhorenvio.com.br/)",2026-09-19T18:45:01.351781Z,FALSE,"MEASUREMENT public calculator (pre-registration, CPF or CNPJ, no contract, no minimum); delivery_range 4-6 days; insurance_value R$359 declared (R$180 for split boxes); site disclaimer: 'valores sao estimativas e podem variar devido a taxas, cubagem, quantidade de envios'"
Loggi,Loggi Ponto,03005-000,São Luís,MA,40x30x25,2,5.0,85.24,13,"https://www.melhorenvio.com.br/api/v2/calculator (public GET, no login; same engine as the calculator on https://melhorenvio.com.br/)",2026-09-19T18:45:01.351781Z,FALSE,"MEASUREMENT public calculator (pre-registration, CPF or CNPJ, no contract, no minimum); delivery_range 12-14 days; insurance_value R$359 declared (R$180 for split boxes); site disclaimer: 'valores sao estimativas e podem variar devido a taxas, cubagem, quantidade de envios'"
Total Express,Standard,03005-000,São Luís,MA,40x30x25,2,5.0,89.50,9,"https://www.melhorenvio.com.br/api/v2/calculator (public GET, no login; same engine as the calculator on https://melhorenvio.com.br/)",2026-09-19T18:45:01.351781Z,FALSE,"MEASUREMENT public calculator (pre-registration, CPF or CNPJ, no contract, no minimum); delivery_range 8-9 days; insurance_value R$359 declared (R$180 for split boxes); site disclaimer: 'valores sao estimativas e podem variar devido a taxas, cubagem, quantidade de envios'"
Correios,PAC,03005-000,Belém,PA,60x40x20,1,8.0,70.47,10,"https://www.melhorenvio.com.br/api/v2/calculator (public GET, no login; same engine as the calculator on https://melhorenvio.com.br/)",2026-09-19T18:45:02.876050Z,FALSE,"MEASUREMENT public calculator (pre-registration, CPF or CNPJ, no contract, no minimum); delivery_range 8-11 days; insurance_value R$359 declared (R$180 for split boxes); site disclaimer: 'valores sao estimativas e podem variar devido a taxas, cubagem, quantidade de envios'"
Correios,SEDEX,03005-000,Belém,PA,60x40x20,1,8.0,169.83,6,"https://www.melhorenvio.com.br/api/v2/calculator (public GET, no login; same engine as the calculator on https://melhorenvio.com.br/)",2026-09-19T18:45:02.876050Z,FALSE,"MEASUREMENT public calculator (pre-registration, CPF or CNPJ, no contract, no minimum); delivery_range 4-7 days; insurance_value R$359 declared (R$180 for split boxes); site disclaimer: 'valores sao estimativas e podem variar devido a taxas, cubagem, quantidade de envios'"
Jadlog,.Package,03005-000,Belém,PA,60x40x20,1,8.0,103.93,10,"https://www.melhorenvio.com.br/api/v2/calculator (public GET, no login; same engine as the calculator on https://melhorenvio.com.br/)",2026-09-19T18:45:02.876050Z,FALSE,"MEASUREMENT public calculator (pre-registration, CPF or CNPJ, no contract, no minimum); delivery_range 9-11 days; insurance_value R$359 declared (R$180 for split boxes); site disclaimer: 'valores sao estimativas e podem variar devido a taxas, cubagem, quantidade de envios'"
Jadlog,.Com,03005-000,Belém,PA,60x40x20,1,8.0,146.35,9,"https://www.melhorenvio.com.br/api/v2/calculator (public GET, no login; same engine as the calculator on https://melhorenvio.com.br/)",2026-09-19T18:45:02.876050Z,FALSE,"MEASUREMENT public calculator (pre-registration, CPF or CNPJ, no contract, no minimum); delivery_range 8-10 days; insurance_value R$359 declared (R$180 for split boxes); site disclaimer: 'valores sao estimativas e podem variar devido a taxas, cubagem, quantidade de envios'"
LATAM Cargo,éFácil,03005-000,Belém,PA,60x40x20,1,8.0,87.15,6,"https://www.melhorenvio.com.br/api/v2/calculator (public GET, no login; same engine as the calculator on https://melhorenvio.com.br/)",2026-09-19T18:45:02.876050Z,FALSE,"MEASUREMENT public calculator (pre-registration, CPF or CNPJ, no contract, no minimum); delivery_range 5-7 days; insurance_value R$359 declared (R$180 for split boxes); site disclaimer: 'valores sao estimativas e podem variar devido a taxas, cubagem, quantidade de envios'"
Jadlog,.Package Centralizado,03005-000,Belém,PA,60x40x20,1,8.0,109.76,10,"https://www.melhorenvio.com.br/api/v2/calculator (public GET, no login; same engine as the calculator on https://melhorenvio.com.br/)",2026-09-19T18:45:02.876050Z,FALSE,"MEASUREMENT public calculator (pre-registration, CPF or CNPJ, no contract, no minimum); delivery_range 9-11 days; insurance_value R$359 declared (R$180 for split boxes); site disclaimer: 'valores sao estimativas e podem variar devido a taxas, cubagem, quantidade de envios'"
Loggi,Express,03005-000,Belém,PA,60x40x20,1,8.0,97.95,9,"https://www.melhorenvio.com.br/api/v2/calculator (public GET, no login; same engine as the calculator on https://melhorenvio.com.br/)",2026-09-19T18:45:02.876050Z,FALSE,"MEASUREMENT public calculator (pre-registration, CPF or CNPJ, no contract, no minimum); delivery_range 8-10 days; insurance_value R$359 declared (R$180 for split boxes); site disclaimer: 'valores sao estimativas e podem variar devido a taxas, cubagem, quantidade de envios'"
Loggi,Coleta,03005-000,Belém,PA,60x40x20,1,8.0,115.49,10,"https://www.melhorenvio.com.br/api/v2/calculator (public GET, no login; same engine as the calculator on https://melhorenvio.com.br/)",2026-09-19T18:45:02.876050Z,FALSE,"MEASUREMENT public calculator (pre-registration, CPF or CNPJ, no contract, no minimum); delivery_range 9-11 days; insurance_value R$359 declared (R$180 for split boxes); site disclaimer: 'valores sao estimativas e podem variar devido a taxas, cubagem, quantidade de envios'"
JeT,Standard,03005-000,Belém,PA,60x40x20,1,8.0,114.83,8,"https://www.melhorenvio.com.br/api/v2/calculator (public GET, no login; same engine as the calculator on https://melhorenvio.com.br/)",2026-09-19T18:45:02.876050Z,FALSE,"MEASUREMENT public calculator (pre-registration, CPF or CNPJ, no contract, no minimum); delivery_range 7-9 days; insurance_value R$359 declared (R$180 for split boxes); site disclaimer: 'valores sao estimativas e podem variar devido a taxas, cubagem, quantidade de envios'"
Loggi,Loggi Ponto,03005-000,Belém,PA,60x40x20,1,8.0,86.55,11,"https://www.melhorenvio.com.br/api/v2/calculator (public GET, no login; same engine as the calculator on https://melhorenvio.com.br/)",2026-09-19T18:45:02.876050Z,FALSE,"MEASUREMENT public calculator (pre-registration, CPF or CNPJ, no contract, no minimum); delivery_range 10-12 days; insurance_value R$359 declared (R$180 for split boxes); site disclaimer: 'valores sao estimativas e podem variar devido a taxas, cubagem, quantidade de envios'"
Total Express,Standard,03005-000,Belém,PA,60x40x20,1,8.0,142.06,7,"https://www.melhorenvio.com.br/api/v2/calculator (public GET, no login; same engine as the calculator on https://melhorenvio.com.br/)",2026-09-19T18:45:02.876050Z,FALSE,"MEASUREMENT public calculator (pre-registration, CPF or CNPJ, no contract, no minimum); delivery_range 6-7 days; insurance_value R$359 declared (R$180 for split boxes); site disclaimer: 'valores sao estimativas e podem variar devido a taxas, cubagem, quantidade de envios'"
Correios,PAC,03005-000,Belém,PA,40x30x25,2,5.0,37.65,10,"https://www.melhorenvio.com.br/api/v2/calculator (public GET, no login; same engine as the calculator on https://melhorenvio.com.br/)",2026-09-19T18:45:04.452823Z,FALSE,"MEASUREMENT public calculator (pre-registration, CPF or CNPJ, no contract, no minimum); delivery_range 8-11 days; insurance_value R$359 declared (R$180 for split boxes); site disclaimer: 'valores sao estimativas e podem variar devido a taxas, cubagem, quantidade de envios'"
Correios,SEDEX,03005-000,Belém,PA,40x30x25,2,5.0,83.00,6,"https://www.melhorenvio.com.br/api/v2/calculator (public GET, no login; same engine as the calculator on https://melhorenvio.com.br/)",2026-09-19T18:45:04.452823Z,FALSE,"MEASUREMENT public calculator (pre-registration, CPF or CNPJ, no contract, no minimum); delivery_range 4-7 days; insurance_value R$359 declared (R$180 for split boxes); site disclaimer: 'valores sao estimativas e podem variar devido a taxas, cubagem, quantidade de envios'"
Jadlog,.Package,03005-000,Belém,PA,40x30x25,2,5.0,61.50,10,"https://www.melhorenvio.com.br/api/v2/calculator (public GET, no login; same engine as the calculator on https://melhorenvio.com.br/)",2026-09-19T18:45:04.452823Z,FALSE,"MEASUREMENT public calculator (pre-registration, CPF or CNPJ, no contract, no minimum); delivery_range 9-11 days; insurance_value R$359 declared (R$180 for split boxes); site disclaimer: 'valores sao estimativas e podem variar devido a taxas, cubagem, quantidade de envios'"
Jadlog,.Com,03005-000,Belém,PA,40x30x25,2,5.0,110.42,9,"https://www.melhorenvio.com.br/api/v2/calculator (public GET, no login; same engine as the calculator on https://melhorenvio.com.br/)",2026-09-19T18:45:04.452823Z,FALSE,"MEASUREMENT public calculator (pre-registration, CPF or CNPJ, no contract, no minimum); delivery_range 8-10 days; insurance_value R$359 declared (R$180 for split boxes); site disclaimer: 'valores sao estimativas e podem variar devido a taxas, cubagem, quantidade de envios'"
LATAM Cargo,éFácil,03005-000,Belém,PA,40x30x25,2,5.0,75.31,6,"https://www.melhorenvio.com.br/api/v2/calculator (public GET, no login; same engine as the calculator on https://melhorenvio.com.br/)",2026-09-19T18:45:04.452823Z,FALSE,"MEASUREMENT public calculator (pre-registration, CPF or CNPJ, no contract, no minimum); delivery_range 5-7 days; insurance_value R$359 declared (R$180 for split boxes); site disclaimer: 'valores sao estimativas e podem variar devido a taxas, cubagem, quantidade de envios'"
Jadlog,.Package Centralizado,03005-000,Belém,PA,40x30x25,2,5.0,73.37,10,"https://www.melhorenvio.com.br/api/v2/calculator (public GET, no login; same engine as the calculator on https://melhorenvio.com.br/)",2026-09-19T18:45:04.452823Z,FALSE,"MEASUREMENT public calculator (pre-registration, CPF or CNPJ, no contract, no minimum); delivery_range 9-11 days; insurance_value R$359 declared (R$180 for split boxes); site disclaimer: 'valores sao estimativas e podem variar devido a taxas, cubagem, quantidade de envios'"
Loggi,Express,03005-000,Belém,PA,40x30x25,2,5.0,69.90,9,"https://www.melhorenvio.com.br/api/v2/calculator (public GET, no login; same engine as the calculator on https://melhorenvio.com.br/)",2026-09-19T18:45:04.452823Z,FALSE,"MEASUREMENT public calculator (pre-registration, CPF or CNPJ, no contract, no minimum); delivery_range 8-10 days; insurance_value R$359 declared (R$180 for split boxes); site disclaimer: 'valores sao estimativas e podem variar devido a taxas, cubagem, quantidade de envios'"
Loggi,Coleta,03005-000,Belém,PA,40x30x25,2,5.0,83.56,10,"https://www.melhorenvio.com.br/api/v2/calculator (public GET, no login; same engine as the calculator on https://melhorenvio.com.br/)",2026-09-19T18:45:04.452823Z,FALSE,"MEASUREMENT public calculator (pre-registration, CPF or CNPJ, no contract, no minimum); delivery_range 9-11 days; insurance_value R$359 declared (R$180 for split boxes); site disclaimer: 'valores sao estimativas e podem variar devido a taxas, cubagem, quantidade de envios'"
JeT,Standard,03005-000,Belém,PA,40x30x25,2,5.0,74.01,8,"https://www.melhorenvio.com.br/api/v2/calculator (public GET, no login; same engine as the calculator on https://melhorenvio.com.br/)",2026-09-19T18:45:04.452823Z,FALSE,"MEASUREMENT public calculator (pre-registration, CPF or CNPJ, no contract, no minimum); delivery_range 7-9 days; insurance_value R$359 declared (R$180 for split boxes); site disclaimer: 'valores sao estimativas e podem variar devido a taxas, cubagem, quantidade de envios'"
Loggi,Loggi Ponto,03005-000,Belém,PA,40x30x25,2,5.0,62.48,11,"https://www.melhorenvio.com.br/api/v2/calculator (public GET, no login; same engine as the calculator on https://melhorenvio.com.br/)",2026-09-19T18:45:04.452823Z,FALSE,"MEASUREMENT public calculator (pre-registration, CPF or CNPJ, no contract, no minimum); delivery_range 10-12 days; insurance_value R$359 declared (R$180 for split boxes); site disclaimer: 'valores sao estimativas e podem variar devido a taxas, cubagem, quantidade de envios'"
Total Express,Standard,03005-000,Belém,PA,40x30x25,2,5.0,94.17,7,"https://www.melhorenvio.com.br/api/v2/calculator (public GET, no login; same engine as the calculator on https://melhorenvio.com.br/)",2026-09-19T18:45:04.452823Z,FALSE,"MEASUREMENT public calculator (pre-registration, CPF or CNPJ, no contract, no minimum); delivery_range 6-7 days; insurance_value R$359 declared (R$180 for split boxes); site disclaimer: 'valores sao estimativas e podem variar devido a taxas, cubagem, quantidade de envios'"
Correios,PAC,03005-000,Salvador,BA,60x40x20,1,8.0,61.95,8,"https://www.melhorenvio.com.br/api/v2/calculator (public GET, no login; same engine as the calculator on https://melhorenvio.com.br/)",2026-09-19T18:45:06.051026Z,FALSE,"MEASUREMENT public calculator (pre-registration, CPF or CNPJ, no contract, no minimum); delivery_range 6-9 days; insurance_value R$359 declared (R$180 for split boxes); site disclaimer: 'valores sao estimativas e podem variar devido a taxas, cubagem, quantidade de envios'"
Correios,SEDEX,03005-000,Salvador,BA,60x40x20,1,8.0,121.10,3,"https://www.melhorenvio.com.br/api/v2/calculator (public GET, no login; same engine as the calculator on https://melhorenvio.com.br/)",2026-09-19T18:45:06.051026Z,FALSE,"MEASUREMENT public calculator (pre-registration, CPF or CNPJ, no contract, no minimum); delivery_range 1-4 days; insurance_value R$359 declared (R$180 for split boxes); site disclaimer: 'valores sao estimativas e podem variar devido a taxas, cubagem, quantidade de envios'"
Jadlog,.Package,03005-000,Salvador,BA,60x40x20,1,8.0,85.77,5,"https://www.melhorenvio.com.br/api/v2/calculator (public GET, no login; same engine as the calculator on https://melhorenvio.com.br/)",2026-09-19T18:45:06.051026Z,FALSE,"MEASUREMENT public calculator (pre-registration, CPF or CNPJ, no contract, no minimum); delivery_range 4-6 days; insurance_value R$359 declared (R$180 for split boxes); site disclaimer: 'valores sao estimativas e podem variar devido a taxas, cubagem, quantidade de envios'"
Jadlog,.Com,03005-000,Salvador,BA,60x40x20,1,8.0,98.41,4,"https://www.melhorenvio.com.br/api/v2/calculator (public GET, no login; same engine as the calculator on https://melhorenvio.com.br/)",2026-09-19T18:45:06.051026Z,FALSE,"MEASUREMENT public calculator (pre-registration, CPF or CNPJ, no contract, no minimum); delivery_range 3-5 days; insurance_value R$359 declared (R$180 for split boxes); site disclaimer: 'valores sao estimativas e podem variar devido a taxas, cubagem, quantidade de envios'"
LATAM Cargo,éFácil,03005-000,Salvador,BA,60x40x20,1,8.0,53.90,2,"https://www.melhorenvio.com.br/api/v2/calculator (public GET, no login; same engine as the calculator on https://melhorenvio.com.br/)",2026-09-19T18:45:06.051026Z,FALSE,"MEASUREMENT public calculator (pre-registration, CPF or CNPJ, no contract, no minimum); delivery_range 1-3 days; insurance_value R$359 declared (R$180 for split boxes); site disclaimer: 'valores sao estimativas e podem variar devido a taxas, cubagem, quantidade de envios'"
Jadlog,.Package Centralizado,03005-000,Salvador,BA,60x40x20,1,8.0,85.85,5,"https://www.melhorenvio.com.br/api/v2/calculator (public GET, no login; same engine as the calculator on https://melhorenvio.com.br/)",2026-09-19T18:45:06.051026Z,FALSE,"MEASUREMENT public calculator (pre-registration, CPF or CNPJ, no contract, no minimum); delivery_range 4-6 days; insurance_value R$359 declared (R$180 for split boxes); site disclaimer: 'valores sao estimativas e podem variar devido a taxas, cubagem, quantidade de envios'"
Loggi,Express,03005-000,Salvador,BA,60x40x20,1,8.0,167.88,9,"https://www.melhorenvio.com.br/api/v2/calculator (public GET, no login; same engine as the calculator on https://melhorenvio.com.br/)",2026-09-19T18:45:06.051026Z,FALSE,"MEASUREMENT public calculator (pre-registration, CPF or CNPJ, no contract, no minimum); delivery_range 8-10 days; insurance_value R$359 declared (R$180 for split boxes); site disclaimer: 'valores sao estimativas e podem variar devido a taxas, cubagem, quantidade de envios'"
Loggi,Coleta,03005-000,Salvador,BA,60x40x20,1,8.0,86.62,6,"https://www.melhorenvio.com.br/api/v2/calculator (public GET, no login; same engine as the calculator on https://melhorenvio.com.br/)",2026-09-19T18:45:06.051026Z,FALSE,"MEASUREMENT public calculator (pre-registration, CPF or CNPJ, no contract, no minimum); delivery_range 5-7 days; insurance_value R$359 declared (R$180 for split boxes); site disclaimer: 'valores sao estimativas e podem variar devido a taxas, cubagem, quantidade de envios'"
JeT,Standard,03005-000,Salvador,BA,60x40x20,1,8.0,78.50,4,"https://www.melhorenvio.com.br/api/v2/calculator (public GET, no login; same engine as the calculator on https://melhorenvio.com.br/)",2026-09-19T18:45:06.051026Z,FALSE,"MEASUREMENT public calculator (pre-registration, CPF or CNPJ, no contract, no minimum); delivery_range 3-5 days; insurance_value R$359 declared (R$180 for split boxes); site disclaimer: 'valores sao estimativas e podem variar devido a taxas, cubagem, quantidade de envios'"
Loggi,Loggi Ponto,03005-000,Salvador,BA,60x40x20,1,8.0,168.10,11,"https://www.melhorenvio.com.br/api/v2/calculator (public GET, no login; same engine as the calculator on https://melhorenvio.com.br/)",2026-09-19T18:45:06.051026Z,FALSE,"MEASUREMENT public calculator (pre-registration, CPF or CNPJ, no contract, no minimum); delivery_range 10-12 days; insurance_value R$359 declared (R$180 for split boxes); site disclaimer: 'valores sao estimativas e podem variar devido a taxas, cubagem, quantidade de envios'"
Total Express,Standard,03005-000,Salvador,BA,60x40x20,1,8.0,89.11,6,"https://www.melhorenvio.com.br/api/v2/calculator (public GET, no login; same engine as the calculator on https://melhorenvio.com.br/)",2026-09-19T18:45:06.051026Z,FALSE,"MEASUREMENT public calculator (pre-registration, CPF or CNPJ, no contract, no minimum); delivery_range 5-6 days; insurance_value R$359 declared (R$180 for split boxes); site disclaimer: 'valores sao estimativas e podem variar devido a taxas, cubagem, quantidade de envios'"
Correios,PAC,03005-000,Salvador,BA,40x30x25,2,5.0,33.88,8,"https://www.melhorenvio.com.br/api/v2/calculator (public GET, no login; same engine as the calculator on https://melhorenvio.com.br/)",2026-09-19T18:45:07.519897Z,FALSE,"MEASUREMENT public calculator (pre-registration, CPF or CNPJ, no contract, no minimum); delivery_range 6-9 days; insurance_value R$359 declared (R$180 for split boxes); site disclaimer: 'valores sao estimativas e podem variar devido a taxas, cubagem, quantidade de envios'"
Correios,SEDEX,03005-000,Salvador,BA,40x30x25,2,5.0,64.90,3,"https://www.melhorenvio.com.br/api/v2/calculator (public GET, no login; same engine as the calculator on https://melhorenvio.com.br/)",2026-09-19T18:45:07.519897Z,FALSE,"MEASUREMENT public calculator (pre-registration, CPF or CNPJ, no contract, no minimum); delivery_range 1-4 days; insurance_value R$359 declared (R$180 for split boxes); site disclaimer: 'valores sao estimativas e podem variar devido a taxas, cubagem, quantidade de envios'"
Jadlog,.Package,03005-000,Salvador,BA,40x30x25,2,5.0,50.85,5,"https://www.melhorenvio.com.br/api/v2/calculator (public GET, no login; same engine as the calculator on https://melhorenvio.com.br/)",2026-09-19T18:45:07.519897Z,FALSE,"MEASUREMENT public calculator (pre-registration, CPF or CNPJ, no contract, no minimum); delivery_range 4-6 days; insurance_value R$359 declared (R$180 for split boxes); site disclaimer: 'valores sao estimativas e podem variar devido a taxas, cubagem, quantidade de envios'"
Jadlog,.Com,03005-000,Salvador,BA,40x30x25,2,5.0,74.10,4,"https://www.melhorenvio.com.br/api/v2/calculator (public GET, no login; same engine as the calculator on https://melhorenvio.com.br/)",2026-09-19T18:45:07.519897Z,FALSE,"MEASUREMENT public calculator (pre-registration, CPF or CNPJ, no contract, no minimum); delivery_range 3-5 days; insurance_value R$359 declared (R$180 for split boxes); site disclaimer: 'valores sao estimativas e podem variar devido a taxas, cubagem, quantidade de envios'"
LATAM Cargo,éFácil,03005-000,Salvador,BA,40x30x25,2,5.0,49.07,2,"https://www.melhorenvio.com.br/api/v2/calculator (public GET, no login; same engine as the calculator on https://melhorenvio.com.br/)",2026-09-19T18:45:07.519897Z,FALSE,"MEASUREMENT public calculator (pre-registration, CPF or CNPJ, no contract, no minimum); delivery_range 1-3 days; insurance_value R$359 declared (R$180 for split boxes); site disclaimer: 'valores sao estimativas e podem variar devido a taxas, cubagem, quantidade de envios'"
Jadlog,.Package Centralizado,03005-000,Salvador,BA,40x30x25,2,5.0,57.90,5,"https://www.melhorenvio.com.br/api/v2/calculator (public GET, no login; same engine as the calculator on https://melhorenvio.com.br/)",2026-09-19T18:45:07.519897Z,FALSE,"MEASUREMENT public calculator (pre-registration, CPF or CNPJ, no contract, no minimum); delivery_range 4-6 days; insurance_value R$359 declared (R$180 for split boxes); site disclaimer: 'valores sao estimativas e podem variar devido a taxas, cubagem, quantidade de envios'"
Loggi,Express,03005-000,Salvador,BA,40x30x25,2,5.0,125.72,9,"https://www.melhorenvio.com.br/api/v2/calculator (public GET, no login; same engine as the calculator on https://melhorenvio.com.br/)",2026-09-19T18:45:07.519897Z,FALSE,"MEASUREMENT public calculator (pre-registration, CPF or CNPJ, no contract, no minimum); delivery_range 8-10 days; insurance_value R$359 declared (R$180 for split boxes); site disclaimer: 'valores sao estimativas e podem variar devido a taxas, cubagem, quantidade de envios'"
Loggi,Coleta,03005-000,Salvador,BA,40x30x25,2,5.0,68.16,6,"https://www.melhorenvio.com.br/api/v2/calculator (public GET, no login; same engine as the calculator on https://melhorenvio.com.br/)",2026-09-19T18:45:07.519897Z,FALSE,"MEASUREMENT public calculator (pre-registration, CPF or CNPJ, no contract, no minimum); delivery_range 5-7 days; insurance_value R$359 declared (R$180 for split boxes); site disclaimer: 'valores sao estimativas e podem variar devido a taxas, cubagem, quantidade de envios'"
JeT,Standard,03005-000,Salvador,BA,40x30x25,2,5.0,23.81,4,"https://www.melhorenvio.com.br/api/v2/calculator (public GET, no login; same engine as the calculator on https://melhorenvio.com.br/)",2026-09-19T18:45:07.519897Z,FALSE,"MEASUREMENT public calculator (pre-registration, CPF or CNPJ, no contract, no minimum); delivery_range 3-5 days; insurance_value R$359 declared (R$180 for split boxes); site disclaimer: 'valores sao estimativas e podem variar devido a taxas, cubagem, quantidade de envios'"
Loggi,Loggi Ponto,03005-000,Salvador,BA,40x30x25,2,5.0,131.20,11,"https://www.melhorenvio.com.br/api/v2/calculator (public GET, no login; same engine as the calculator on https://melhorenvio.com.br/)",2026-09-19T18:45:07.519897Z,FALSE,"MEASUREMENT public calculator (pre-registration, CPF or CNPJ, no contract, no minimum); delivery_range 10-12 days; insurance_value R$359 declared (R$180 for split boxes); site disclaimer: 'valores sao estimativas e podem variar devido a taxas, cubagem, quantidade de envios'"
Total Express,Standard,03005-000,Salvador,BA,40x30x25,2,5.0,73.02,6,"https://www.melhorenvio.com.br/api/v2/calculator (public GET, no login; same engine as the calculator on https://melhorenvio.com.br/)",2026-09-19T18:45:07.519897Z,FALSE,"MEASUREMENT public calculator (pre-registration, CPF or CNPJ, no contract, no minimum); delivery_range 5-6 days; insurance_value R$359 declared (R$180 for split boxes); site disclaimer: 'valores sao estimativas e podem variar devido a taxas, cubagem, quantidade de envios'"
Correios,PAC,03005-000,Belo Horizonte,MG,60x40x20,1,8.0,54.06,7,"https://www.melhorenvio.com.br/api/v2/calculator (public GET, no login; same engine as the calculator on https://melhorenvio.com.br/)",2026-09-19T18:45:09.221763Z,FALSE,"MEASUREMENT public calculator (pre-registration, CPF or CNPJ, no contract, no minimum); delivery_range 5-8 days; insurance_value R$359 declared (R$180 for split boxes); site disclaimer: 'valores sao estimativas e podem variar devido a taxas, cubagem, quantidade de envios'"
Correios,SEDEX,03005-000,Belo Horizonte,MG,60x40x20,1,8.0,90.09,3,"https://www.melhorenvio.com.br/api/v2/calculator (public GET, no login; same engine as the calculator on https://melhorenvio.com.br/)",2026-09-19T18:45:09.221763Z,FALSE,"MEASUREMENT public calculator (pre-registration, CPF or CNPJ, no contract, no minimum); delivery_range 1-4 days; insurance_value R$359 declared (R$180 for split boxes); site disclaimer: 'valores sao estimativas e podem variar devido a taxas, cubagem, quantidade de envios'"
Jadlog,.Package,03005-000,Belo Horizonte,MG,60x40x20,1,8.0,62.20,5,"https://www.melhorenvio.com.br/api/v2/calculator (public GET, no login; same engine as the calculator on https://melhorenvio.com.br/)",2026-09-19T18:45:09.221763Z,FALSE,"MEASUREMENT public calculator (pre-registration, CPF or CNPJ, no contract, no minimum); delivery_range 4-6 days; insurance_value R$359 declared (R$180 for split boxes); site disclaimer: 'valores sao estimativas e podem variar devido a taxas, cubagem, quantidade de envios'"
Jadlog,.Com,03005-000,Belo Horizonte,MG,60x40x20,1,8.0,47.59,4,"https://www.melhorenvio.com.br/api/v2/calculator (public GET, no login; same engine as the calculator on https://melhorenvio.com.br/)",2026-09-19T18:45:09.221763Z,FALSE,"MEASUREMENT public calculator (pre-registration, CPF or CNPJ, no contract, no minimum); delivery_range 3-5 days; insurance_value R$359 declared (R$180 for split boxes); site disclaimer: 'valores sao estimativas e podem variar devido a taxas, cubagem, quantidade de envios'"
LATAM Cargo,éFácil,03005-000,Belo Horizonte,MG,60x40x20,1,8.0,36.43,3,"https://www.melhorenvio.com.br/api/v2/calculator (public GET, no login; same engine as the calculator on https://melhorenvio.com.br/)",2026-09-19T18:45:09.221763Z,FALSE,"MEASUREMENT public calculator (pre-registration, CPF or CNPJ, no contract, no minimum); delivery_range 2-4 days; insurance_value R$359 declared (R$180 for split boxes); site disclaimer: 'valores sao estimativas e podem variar devido a taxas, cubagem, quantidade de envios'"
Buslog,Rodoviário,03005-000,Belo Horizonte,MG,60x40x20,1,8.0,40.77,2,"https://www.melhorenvio.com.br/api/v2/calculator (public GET, no login; same engine as the calculator on https://melhorenvio.com.br/)",2026-09-19T18:45:09.221763Z,FALSE,"MEASUREMENT public calculator (pre-registration, CPF or CNPJ, no contract, no minimum); delivery_range 1-3 days; insurance_value R$359 declared (R$180 for split boxes); site disclaimer: 'valores sao estimativas e podem variar devido a taxas, cubagem, quantidade de envios'"
Jadlog,.Package Centralizado,03005-000,Belo Horizonte,MG,60x40x20,1,8.0,64.92,4,"https://www.melhorenvio.com.br/api/v2/calculator (public GET, no login; same engine as the calculator on https://melhorenvio.com.br/)",2026-09-19T18:45:09.221763Z,FALSE,"MEASUREMENT public calculator (pre-registration, CPF or CNPJ, no contract, no minimum); delivery_range 3-5 days; insurance_value R$359 declared (R$180 for split boxes); site disclaimer: 'valores sao estimativas e podem variar devido a taxas, cubagem, quantidade de envios'"
Loggi,Express,03005-000,Belo Horizonte,MG,60x40x20,1,8.0,51.92,3,"https://www.melhorenvio.com.br/api/v2/calculator (public GET, no login; same engine as the calculator on https://melhorenvio.com.br/)",2026-09-19T18:45:09.221763Z,FALSE,"MEASUREMENT public calculator (pre-registration, CPF or CNPJ, no contract, no minimum); delivery_range 2-4 days; insurance_value R$359 declared (R$180 for split boxes); site disclaimer: 'valores sao estimativas e podem variar devido a taxas, cubagem, quantidade de envios'"
Loggi,Coleta,03005-000,Belo Horizonte,MG,60x40x20,1,8.0,68.73,4,"https://www.melhorenvio.com.br/api/v2/calculator (public GET, no login; same engine as the calculator on https://melhorenvio.com.br/)",2026-09-19T18:45:09.221763Z,FALSE,"MEASUREMENT public calculator (pre-registration, CPF or CNPJ, no contract, no minimum); delivery_range 3-5 days; insurance_value R$359 declared (R$180 for split boxes); site disclaimer: 'valores sao estimativas e podem variar devido a taxas, cubagem, quantidade de envios'"
JeT,Standard,03005-000,Belo Horizonte,MG,60x40x20,1,8.0,46.71,2,"https://www.melhorenvio.com.br/api/v2/calculator (public GET, no login; same engine as the calculator on https://melhorenvio.com.br/)",2026-09-19T18:45:09.221763Z,FALSE,"MEASUREMENT public calculator (pre-registration, CPF or CNPJ, no contract, no minimum); delivery_range 1-3 days; insurance_value R$359 declared (R$180 for split boxes); site disclaimer: 'valores sao estimativas e podem variar devido a taxas, cubagem, quantidade de envios'"
Loggi,Loggi Ponto,03005-000,Belo Horizonte,MG,60x40x20,1,8.0,37.12,5,"https://www.melhorenvio.com.br/api/v2/calculator (public GET, no login; same engine as the calculator on https://melhorenvio.com.br/)",2026-09-19T18:45:09.221763Z,FALSE,"MEASUREMENT public calculator (pre-registration, CPF or CNPJ, no contract, no minimum); delivery_range 4-6 days; insurance_value R$359 declared (R$180 for split boxes); site disclaimer: 'valores sao estimativas e podem variar devido a taxas, cubagem, quantidade de envios'"
Total Express,Standard,03005-000,Belo Horizonte,MG,60x40x20,1,8.0,40.79,4,"https://www.melhorenvio.com.br/api/v2/calculator (public GET, no login; same engine as the calculator on https://melhorenvio.com.br/)",2026-09-19T18:45:09.221763Z,FALSE,"MEASUREMENT public calculator (pre-registration, CPF or CNPJ, no contract, no minimum); delivery_range 3-4 days; insurance_value R$359 declared (R$180 for split boxes); site disclaimer: 'valores sao estimativas e podem variar devido a taxas, cubagem, quantidade de envios'"
Correios,PAC,03005-000,Belo Horizonte,MG,40x30x25,2,5.0,30.43,7,"https://www.melhorenvio.com.br/api/v2/calculator (public GET, no login; same engine as the calculator on https://melhorenvio.com.br/)",2026-09-19T18:45:10.850001Z,FALSE,"MEASUREMENT public calculator (pre-registration, CPF or CNPJ, no contract, no minimum); delivery_range 5-8 days; insurance_value R$359 declared (R$180 for split boxes); site disclaimer: 'valores sao estimativas e podem variar devido a taxas, cubagem, quantidade de envios'"
Correios,SEDEX,03005-000,Belo Horizonte,MG,40x30x25,2,5.0,46.77,3,"https://www.melhorenvio.com.br/api/v2/calculator (public GET, no login; same engine as the calculator on https://melhorenvio.com.br/)",2026-09-19T18:45:10.850001Z,FALSE,"MEASUREMENT public calculator (pre-registration, CPF or CNPJ, no contract, no minimum); delivery_range 1-4 days; insurance_value R$359 declared (R$180 for split boxes); site disclaimer: 'valores sao estimativas e podem variar devido a taxas, cubagem, quantidade de envios'"
Jadlog,.Package,03005-000,Belo Horizonte,MG,40x30x25,2,5.0,41.17,5,"https://www.melhorenvio.com.br/api/v2/calculator (public GET, no login; same engine as the calculator on https://melhorenvio.com.br/)",2026-09-19T18:45:10.850001Z,FALSE,"MEASUREMENT public calculator (pre-registration, CPF or CNPJ, no contract, no minimum); delivery_range 4-6 days; insurance_value R$359 declared (R$180 for split boxes); site disclaimer: 'valores sao estimativas e podem variar devido a taxas, cubagem, quantidade de envios'"
Jadlog,.Com,03005-000,Belo Horizonte,MG,40x30x25,2,5.0,37.60,4,"https://www.melhorenvio.com.br/api/v2/calculator (public GET, no login; same engine as the calculator on https://melhorenvio.com.br/)",2026-09-19T18:45:10.850001Z,FALSE,"MEASUREMENT public calculator (pre-registration, CPF or CNPJ, no contract, no minimum); delivery_range 3-5 days; insurance_value R$359 declared (R$180 for split boxes); site disclaimer: 'valores sao estimativas e podem variar devido a taxas, cubagem, quantidade de envios'"
LATAM Cargo,éFácil,03005-000,Belo Horizonte,MG,40x30x25,2,5.0,31.48,3,"https://www.melhorenvio.com.br/api/v2/calculator (public GET, no login; same engine as the calculator on https://melhorenvio.com.br/)",2026-09-19T18:45:10.850001Z,FALSE,"MEASUREMENT public calculator (pre-registration, CPF or CNPJ, no contract, no minimum); delivery_range 2-4 days; insurance_value R$359 declared (R$180 for split boxes); site disclaimer: 'valores sao estimativas e podem variar devido a taxas, cubagem, quantidade de envios'"
Buslog,Rodoviário,03005-000,Belo Horizonte,MG,40x30x25,2,5.0,33.51,2,"https://www.melhorenvio.com.br/api/v2/calculator (public GET, no login; same engine as the calculator on https://melhorenvio.com.br/)",2026-09-19T18:45:10.850001Z,FALSE,"MEASUREMENT public calculator (pre-registration, CPF or CNPJ, no contract, no minimum); delivery_range 1-3 days; insurance_value R$359 declared (R$180 for split boxes); site disclaimer: 'valores sao estimativas e podem variar devido a taxas, cubagem, quantidade de envios'"
Jadlog,.Package Centralizado,03005-000,Belo Horizonte,MG,40x30x25,2,5.0,46.51,4,"https://www.melhorenvio.com.br/api/v2/calculator (public GET, no login; same engine as the calculator on https://melhorenvio.com.br/)",2026-09-19T18:45:10.850001Z,FALSE,"MEASUREMENT public calculator (pre-registration, CPF or CNPJ, no contract, no minimum); delivery_range 3-5 days; insurance_value R$359 declared (R$180 for split boxes); site disclaimer: 'valores sao estimativas e podem variar devido a taxas, cubagem, quantidade de envios'"
Loggi,Express,03005-000,Belo Horizonte,MG,40x30x25,2,5.0,39.44,3,"https://www.melhorenvio.com.br/api/v2/calculator (public GET, no login; same engine as the calculator on https://melhorenvio.com.br/)",2026-09-19T18:45:10.850001Z,FALSE,"MEASUREMENT public calculator (pre-registration, CPF or CNPJ, no contract, no minimum); delivery_range 2-4 days; insurance_value R$359 declared (R$180 for split boxes); site disclaimer: 'valores sao estimativas e podem variar devido a taxas, cubagem, quantidade de envios'"
Loggi,Coleta,03005-000,Belo Horizonte,MG,40x30x25,2,5.0,58.54,4,"https://www.melhorenvio.com.br/api/v2/calculator (public GET, no login; same engine as the calculator on https://melhorenvio.com.br/)",2026-09-19T18:45:10.850001Z,FALSE,"MEASUREMENT public calculator (pre-registration, CPF or CNPJ, no contract, no minimum); delivery_range 3-5 days; insurance_value R$359 declared (R$180 for split boxes); site disclaimer: 'valores sao estimativas e podem variar devido a taxas, cubagem, quantidade de envios'"
JeT,Standard,03005-000,Belo Horizonte,MG,40x30x25,2,5.0,19.35,2,"https://www.melhorenvio.com.br/api/v2/calculator (public GET, no login; same engine as the calculator on https://melhorenvio.com.br/)",2026-09-19T18:45:10.850001Z,FALSE,"MEASUREMENT public calculator (pre-registration, CPF or CNPJ, no contract, no minimum); delivery_range 1-3 days; insurance_value R$359 declared (R$180 for split boxes); site disclaimer: 'valores sao estimativas e podem variar devido a taxas, cubagem, quantidade de envios'"
Loggi,Loggi Ponto,03005-000,Belo Horizonte,MG,40x30x25,2,5.0,28.76,5,"https://www.melhorenvio.com.br/api/v2/calculator (public GET, no login; same engine as the calculator on https://melhorenvio.com.br/)",2026-09-19T18:45:10.850001Z,FALSE,"MEASUREMENT public calculator (pre-registration, CPF or CNPJ, no contract, no minimum); delivery_range 4-6 days; insurance_value R$359 declared (R$180 for split boxes); site disclaimer: 'valores sao estimativas e podem variar devido a taxas, cubagem, quantidade de envios'"
Total Express,Standard,03005-000,Belo Horizonte,MG,40x30x25,2,5.0,35.46,4,"https://www.melhorenvio.com.br/api/v2/calculator (public GET, no login; same engine as the calculator on https://melhorenvio.com.br/)",2026-09-19T18:45:10.850001Z,FALSE,"MEASUREMENT public calculator (pre-registration, CPF or CNPJ, no contract, no minimum); delivery_range 3-4 days; insurance_value R$359 declared (R$180 for split boxes); site disclaimer: 'valores sao estimativas e podem variar devido a taxas, cubagem, quantidade de envios'"
Correios,PAC,03005-000,Aracaju,SE,60x40x20,1,8.0,86.90,10,"https://www.melhorenvio.com.br/api/v2/calculator (public GET, no login; same engine as the calculator on https://melhorenvio.com.br/)",2026-09-19T18:45:12.398401Z,FALSE,"MEASUREMENT public calculator (pre-registration, CPF or CNPJ, no contract, no minimum); delivery_range 8-11 days; insurance_value R$359 declared (R$180 for split boxes); site disclaimer: 'valores sao estimativas e podem variar devido a taxas, cubagem, quantidade de envios'"
Correios,SEDEX,03005-000,Aracaju,SE,60x40x20,1,8.0,205.26,4,"https://www.melhorenvio.com.br/api/v2/calculator (public GET, no login; same engine as the calculator on https://melhorenvio.com.br/)",2026-09-19T18:45:12.398401Z,FALSE,"MEASUREMENT public calculator (pre-registration, CPF or CNPJ, no contract, no minimum); delivery_range 2-5 days; insurance_value R$359 declared (R$180 for split boxes); site disclaimer: 'valores sao estimativas e podem variar devido a taxas, cubagem, quantidade de envios'"
Jadlog,.Package,03005-000,Aracaju,SE,60x40x20,1,8.0,101.96,8,"https://www.melhorenvio.com.br/api/v2/calculator (public GET, no login; same engine as the calculator on https://melhorenvio.com.br/)",2026-09-19T18:45:12.398401Z,FALSE,"MEASUREMENT public calculator (pre-registration, CPF or CNPJ, no contract, no minimum); delivery_range 7-9 days; insurance_value R$359 declared (R$180 for split boxes); site disclaimer: 'valores sao estimativas e podem variar devido a taxas, cubagem, quantidade de envios'"
Jadlog,.Com,03005-000,Aracaju,SE,60x40x20,1,8.0,137.66,7,"https://www.melhorenvio.com.br/api/v2/calculator (public GET, no login; same engine as the calculator on https://melhorenvio.com.br/)",2026-09-19T18:45:12.398401Z,FALSE,"MEASUREMENT public calculator (pre-registration, CPF or CNPJ, no contract, no minimum); delivery_range 6-8 days; insurance_value R$359 declared (R$180 for split boxes); site disclaimer: 'valores sao estimativas e podem variar devido a taxas, cubagem, quantidade de envios'"
LATAM Cargo,éFácil,03005-000,Aracaju,SE,60x40x20,1,8.0,53.07,4,"https://www.melhorenvio.com.br/api/v2/calculator (public GET, no login; same engine as the calculator on https://melhorenvio.com.br/)",2026-09-19T18:45:12.398401Z,FALSE,"MEASUREMENT public calculator (pre-registration, CPF or CNPJ, no contract, no minimum); delivery_range 3-5 days; insurance_value R$359 declared (R$180 for split boxes); site disclaimer: 'valores sao estimativas e podem variar devido a taxas, cubagem, quantidade de envios'"
Jadlog,.Package Centralizado,03005-000,Aracaju,SE,60x40x20,1,8.0,96.71,6,"https://www.melhorenvio.com.br/api/v2/calculator (public GET, no login; same engine as the calculator on https://melhorenvio.com.br/)",2026-09-19T18:45:12.398401Z,FALSE,"MEASUREMENT public calculator (pre-registration, CPF or CNPJ, no contract, no minimum); delivery_range 5-7 days; insurance_value R$359 declared (R$180 for split boxes); site disclaimer: 'valores sao estimativas e podem variar devido a taxas, cubagem, quantidade de envios'"
Loggi,Express,03005-000,Aracaju,SE,60x40x20,1,8.0,87.01,7,"https://www.melhorenvio.com.br/api/v2/calculator (public GET, no login; same engine as the calculator on https://melhorenvio.com.br/)",2026-09-19T18:45:12.398401Z,FALSE,"MEASUREMENT public calculator (pre-registration, CPF or CNPJ, no contract, no minimum); delivery_range 6-8 days; insurance_value R$359 declared (R$180 for split boxes); site disclaimer: 'valores sao estimativas e podem variar devido a taxas, cubagem, quantidade de envios'"
Loggi,Coleta,03005-000,Aracaju,SE,60x40x20,1,8.0,99.99,8,"https://www.melhorenvio.com.br/api/v2/calculator (public GET, no login; same engine as the calculator on https://melhorenvio.com.br/)",2026-09-19T18:45:12.398401Z,FALSE,"MEASUREMENT public calculator (pre-registration, CPF or CNPJ, no contract, no minimum); delivery_range 7-9 days; insurance_value R$359 declared (R$180 for split boxes); site disclaimer: 'valores sao estimativas e podem variar devido a taxas, cubagem, quantidade de envios'"
JeT,Standard,03005-000,Aracaju,SE,60x40x20,1,8.0,96.82,4,"https://www.melhorenvio.com.br/api/v2/calculator (public GET, no login; same engine as the calculator on https://melhorenvio.com.br/)",2026-09-19T18:45:12.398401Z,FALSE,"MEASUREMENT public calculator (pre-registration, CPF or CNPJ, no contract, no minimum); delivery_range 3-5 days; insurance_value R$359 declared (R$180 for split boxes); site disclaimer: 'valores sao estimativas e podem variar devido a taxas, cubagem, quantidade de envios'"
Loggi,Loggi Ponto,03005-000,Aracaju,SE,60x40x20,1,8.0,77.02,9,"https://www.melhorenvio.com.br/api/v2/calculator (public GET, no login; same engine as the calculator on https://melhorenvio.com.br/)",2026-09-19T18:45:12.398401Z,FALSE,"MEASUREMENT public calculator (pre-registration, CPF or CNPJ, no contract, no minimum); delivery_range 8-10 days; insurance_value R$359 declared (R$180 for split boxes); site disclaimer: 'valores sao estimativas e podem variar devido a taxas, cubagem, quantidade de envios'"
Total Express,Standard,03005-000,Aracaju,SE,60x40x20,1,8.0,134.29,6,"https://www.melhorenvio.com.br/api/v2/calculator (public GET, no login; same engine as the calculator on https://melhorenvio.com.br/)",2026-09-19T18:45:12.398401Z,FALSE,"MEASUREMENT public calculator (pre-registration, CPF or CNPJ, no contract, no minimum); delivery_range 5-6 days; insurance_value R$359 declared (R$180 for split boxes); site disclaimer: 'valores sao estimativas e podem variar devido a taxas, cubagem, quantidade de envios'"
Correios,PAC,03005-000,Aracaju,SE,40x30x25,2,5.0,44.86,10,"https://www.melhorenvio.com.br/api/v2/calculator (public GET, no login; same engine as the calculator on https://melhorenvio.com.br/)",2026-09-19T18:45:13.842594Z,FALSE,"MEASUREMENT public calculator (pre-registration, CPF or CNPJ, no contract, no minimum); delivery_range 8-11 days; insurance_value R$359 declared (R$180 for split boxes); site disclaimer: 'valores sao estimativas e podem variar devido a taxas, cubagem, quantidade de envios'"
Correios,SEDEX,03005-000,Aracaju,SE,40x30x25,2,5.0,96.55,4,"https://www.melhorenvio.com.br/api/v2/calculator (public GET, no login; same engine as the calculator on https://melhorenvio.com.br/)",2026-09-19T18:45:13.842594Z,FALSE,"MEASUREMENT public calculator (pre-registration, CPF or CNPJ, no contract, no minimum); delivery_range 2-5 days; insurance_value R$359 declared (R$180 for split boxes); site disclaimer: 'valores sao estimativas e podem variar devido a taxas, cubagem, quantidade de envios'"
Jadlog,.Package,03005-000,Aracaju,SE,40x30x25,2,5.0,65.12,8,"https://www.melhorenvio.com.br/api/v2/calculator (public GET, no login; same engine as the calculator on https://melhorenvio.com.br/)",2026-09-19T18:45:13.842594Z,FALSE,"MEASUREMENT public calculator (pre-registration, CPF or CNPJ, no contract, no minimum); delivery_range 7-9 days; insurance_value R$359 declared (R$180 for split boxes); site disclaimer: 'valores sao estimativas e podem variar devido a taxas, cubagem, quantidade de envios'"
Jadlog,.Com,03005-000,Aracaju,SE,40x30x25,2,5.0,94.24,7,"https://www.melhorenvio.com.br/api/v2/calculator (public GET, no login; same engine as the calculator on https://melhorenvio.com.br/)",2026-09-19T18:45:13.842594Z,FALSE,"MEASUREMENT public calculator (pre-registration, CPF or CNPJ, no contract, no minimum); delivery_range 6-8 days; insurance_value R$359 declared (R$180 for split boxes); site disclaimer: 'valores sao estimativas e podem variar devido a taxas, cubagem, quantidade de envios'"
LATAM Cargo,éFácil,03005-000,Aracaju,SE,40x30x25,2,5.0,48.16,4,"https://www.melhorenvio.com.br/api/v2/calculator (public GET, no login; same engine as the calculator on https://melhorenvio.com.br/)",2026-09-19T18:45:13.842594Z,FALSE,"MEASUREMENT public calculator (pre-registration, CPF or CNPJ, no contract, no minimum); delivery_range 3-5 days; insurance_value R$359 declared (R$180 for split boxes); site disclaimer: 'valores sao estimativas e podem variar devido a taxas, cubagem, quantidade de envios'"
Jadlog,.Package Centralizado,03005-000,Aracaju,SE,40x30x25,2,5.0,64.92,6,"https://www.melhorenvio.com.br/api/v2/calculator (public GET, no login; same engine as the calculator on https://melhorenvio.com.br/)",2026-09-19T18:45:13.842594Z,FALSE,"MEASUREMENT public calculator (pre-registration, CPF or CNPJ, no contract, no minimum); delivery_range 5-7 days; insurance_value R$359 declared (R$180 for split boxes); site disclaimer: 'valores sao estimativas e podem variar devido a taxas, cubagem, quantidade de envios'"
Loggi,Express,03005-000,Aracaju,SE,40x30x25,2,5.0,62.66,7,"https://www.melhorenvio.com.br/api/v2/calculator (public GET, no login; same engine as the calculator on https://melhorenvio.com.br/)",2026-09-19T18:45:13.842594Z,FALSE,"MEASUREMENT public calculator (pre-registration, CPF or CNPJ, no contract, no minimum); delivery_range 6-8 days; insurance_value R$359 declared (R$180 for split boxes); site disclaimer: 'valores sao estimativas e podem variar devido a taxas, cubagem, quantidade de envios'"
Loggi,Coleta,03005-000,Aracaju,SE,40x30x25,2,5.0,76.98,8,"https://www.melhorenvio.com.br/api/v2/calculator (public GET, no login; same engine as the calculator on https://melhorenvio.com.br/)",2026-09-19T18:45:13.842594Z,FALSE,"MEASUREMENT public calculator (pre-registration, CPF or CNPJ, no contract, no minimum); delivery_range 7-9 days; insurance_value R$359 declared (R$180 for split boxes); site disclaimer: 'valores sao estimativas e podem variar devido a taxas, cubagem, quantidade de envios'"
JeT,Standard,03005-000,Aracaju,SE,40x30x25,2,5.0,24.77,4,"https://www.melhorenvio.com.br/api/v2/calculator (public GET, no login; same engine as the calculator on https://melhorenvio.com.br/)",2026-09-19T18:45:13.842594Z,FALSE,"MEASUREMENT public calculator (pre-registration, CPF or CNPJ, no contract, no minimum); delivery_range 3-5 days; insurance_value R$359 declared (R$180 for split boxes); site disclaimer: 'valores sao estimativas e podem variar devido a taxas, cubagem, quantidade de envios'"
Loggi,Loggi Ponto,03005-000,Aracaju,SE,40x30x25,2,5.0,56.19,9,"https://www.melhorenvio.com.br/api/v2/calculator (public GET, no login; same engine as the calculator on https://melhorenvio.com.br/)",2026-09-19T18:45:13.842594Z,FALSE,"MEASUREMENT public calculator (pre-registration, CPF or CNPJ, no contract, no minimum); delivery_range 8-10 days; insurance_value R$359 declared (R$180 for split boxes); site disclaimer: 'valores sao estimativas e podem variar devido a taxas, cubagem, quantidade de envios'"
Total Express,Standard,03005-000,Aracaju,SE,40x30x25,2,5.0,89.06,6,"https://www.melhorenvio.com.br/api/v2/calculator (public GET, no login; same engine as the calculator on https://melhorenvio.com.br/)",2026-09-19T18:45:13.842594Z,FALSE,"MEASUREMENT public calculator (pre-registration, CPF or CNPJ, no contract, no minimum); delivery_range 5-6 days; insurance_value R$359 declared (R$180 for split boxes); site disclaimer: 'valores sao estimativas e podem variar devido a taxas, cubagem, quantidade de envios'"
Correios,PAC,03005-000,Natal,RN,60x40x20,1,8.0,86.90,9,"https://www.melhorenvio.com.br/api/v2/calculator (public GET, no login; same engine as the calculator on https://melhorenvio.com.br/)",2026-09-19T18:45:15.261811Z,FALSE,"MEASUREMENT public calculator (pre-registration, CPF or CNPJ, no contract, no minimum); delivery_range 7-10 days; insurance_value R$359 declared (R$180 for split boxes); site disclaimer: 'valores sao estimativas e podem variar devido a taxas, cubagem, quantidade de envios'"
Correios,SEDEX,03005-000,Natal,RN,60x40x20,1,8.0,205.26,4,"https://www.melhorenvio.com.br/api/v2/calculator (public GET, no login; same engine as the calculator on https://melhorenvio.com.br/)",2026-09-19T18:45:15.261811Z,FALSE,"MEASUREMENT public calculator (pre-registration, CPF or CNPJ, no contract, no minimum); delivery_range 2-5 days; insurance_value R$359 declared (R$180 for split boxes); site disclaimer: 'valores sao estimativas e podem variar devido a taxas, cubagem, quantidade de envios'"
Jadlog,.Package,03005-000,Natal,RN,60x40x20,1,8.0,124.53,9,"https://www.melhorenvio.com.br/api/v2/calculator (public GET, no login; same engine as the calculator on https://melhorenvio.com.br/)",2026-09-19T18:45:15.261811Z,FALSE,"MEASUREMENT public calculator (pre-registration, CPF or CNPJ, no contract, no minimum); delivery_range 8-10 days; insurance_value R$359 declared (R$180 for split boxes); site disclaimer: 'valores sao estimativas e podem variar devido a taxas, cubagem, quantidade de envios'"
Jadlog,.Com,03005-000,Natal,RN,60x40x20,1,8.0,177.14,8,"https://www.melhorenvio.com.br/api/v2/calculator (public GET, no login; same engine as the calculator on https://melhorenvio.com.br/)",2026-09-19T18:45:15.261811Z,FALSE,"MEASUREMENT public calculator (pre-registration, CPF or CNPJ, no contract, no minimum); delivery_range 7-9 days; insurance_value R$359 declared (R$180 for split boxes); site disclaimer: 'valores sao estimativas e podem variar devido a taxas, cubagem, quantidade de envios'"
LATAM Cargo,éFácil,03005-000,Natal,RN,60x40x20,1,8.0,44.93,2,"https://www.melhorenvio.com.br/api/v2/calculator (public GET, no login; same engine as the calculator on https://melhorenvio.com.br/)",2026-09-19T18:45:15.261811Z,FALSE,"MEASUREMENT public calculator (pre-registration, CPF or CNPJ, no contract, no minimum); delivery_range 1-3 days; insurance_value R$359 declared (R$180 for split boxes); site disclaimer: 'valores sao estimativas e podem variar devido a taxas, cubagem, quantidade de envios'"
Jadlog,.Package Centralizado,03005-000,Natal,RN,60x40x20,1,8.0,122.23,8,"https://www.melhorenvio.com.br/api/v2/calculator (public GET, no login; same engine as the calculator on https://melhorenvio.com.br/)",2026-09-19T18:45:15.261811Z,FALSE,"MEASUREMENT public calculator (pre-registration, CPF or CNPJ, no contract, no minimum); delivery_range 7-9 days; insurance_value R$359 declared (R$180 for split boxes); site disclaimer: 'valores sao estimativas e podem variar devido a taxas, cubagem, quantidade de envios'"
JeT,Standard,03005-000,Natal,RN,60x40x20,1,8.0,116.03,6,"https://www.melhorenvio.com.br/api/v2/calculator (public GET, no login; same engine as the calculator on https://melhorenvio.com.br/)",2026-09-19T18:45:15.261811Z,FALSE,"MEASUREMENT public calculator (pre-registration, CPF or CNPJ, no contract, no minimum); delivery_range 5-7 days; insurance_value R$359 declared (R$180 for split boxes); site disclaimer: 'valores sao estimativas e podem variar devido a taxas, cubagem, quantidade de envios'"
Total Express,Standard,03005-000,Natal,RN,60x40x20,1,8.0,135.09,9,"https://www.melhorenvio.com.br/api/v2/calculator (public GET, no login; same engine as the calculator on https://melhorenvio.com.br/)",2026-09-19T18:45:15.261811Z,FALSE,"MEASUREMENT public calculator (pre-registration, CPF or CNPJ, no contract, no minimum); delivery_range 8-9 days; insurance_value R$359 declared (R$180 for split boxes); site disclaimer: 'valores sao estimativas e podem variar devido a taxas, cubagem, quantidade de envios'"
Correios,PAC,03005-000,Natal,RN,40x30x25,2,5.0,44.86,9,"https://www.melhorenvio.com.br/api/v2/calculator (public GET, no login; same engine as the calculator on https://melhorenvio.com.br/)",2026-09-19T18:45:16.696472Z,FALSE,"MEASUREMENT public calculator (pre-registration, CPF or CNPJ, no contract, no minimum); delivery_range 7-10 days; insurance_value R$359 declared (R$180 for split boxes); site disclaimer: 'valores sao estimativas e podem variar devido a taxas, cubagem, quantidade de envios'"
Correios,SEDEX,03005-000,Natal,RN,40x30x25,2,5.0,96.55,4,"https://www.melhorenvio.com.br/api/v2/calculator (public GET, no login; same engine as the calculator on https://melhorenvio.com.br/)",2026-09-19T18:45:16.696472Z,FALSE,"MEASUREMENT public calculator (pre-registration, CPF or CNPJ, no contract, no minimum); delivery_range 2-5 days; insurance_value R$359 declared (R$180 for split boxes); site disclaimer: 'valores sao estimativas e podem variar devido a taxas, cubagem, quantidade de envios'"
Jadlog,.Package,03005-000,Natal,RN,40x30x25,2,5.0,76.29,9,"https://www.melhorenvio.com.br/api/v2/calculator (public GET, no login; same engine as the calculator on https://melhorenvio.com.br/)",2026-09-19T18:45:16.696472Z,FALSE,"MEASUREMENT public calculator (pre-registration, CPF or CNPJ, no contract, no minimum); delivery_range 8-10 days; insurance_value R$359 declared (R$180 for split boxes); site disclaimer: 'valores sao estimativas e podem variar devido a taxas, cubagem, quantidade de envios'"
Jadlog,.Com,03005-000,Natal,RN,40x30x25,2,5.0,133.66,8,"https://www.melhorenvio.com.br/api/v2/calculator (public GET, no login; same engine as the calculator on https://melhorenvio.com.br/)",2026-09-19T18:45:16.696472Z,FALSE,"MEASUREMENT public calculator (pre-registration, CPF or CNPJ, no contract, no minimum); delivery_range 7-9 days; insurance_value R$359 declared (R$180 for split boxes); site disclaimer: 'valores sao estimativas e podem variar devido a taxas, cubagem, quantidade de envios'"
LATAM Cargo,éFácil,03005-000,Natal,RN,40x30x25,2,5.0,38.78,2,"https://www.melhorenvio.com.br/api/v2/calculator (public GET, no login; same engine as the calculator on https://melhorenvio.com.br/)",2026-09-19T18:45:16.696472Z,FALSE,"MEASUREMENT public calculator (pre-registration, CPF or CNPJ, no contract, no minimum); delivery_range 1-3 days; insurance_value R$359 declared (R$180 for split boxes); site disclaimer: 'valores sao estimativas e podem variar devido a taxas, cubagem, quantidade de envios'"
Jadlog,.Package Centralizado,03005-000,Natal,RN,40x30x25,2,5.0,80.23,8,"https://www.melhorenvio.com.br/api/v2/calculator (public GET, no login; same engine as the calculator on https://melhorenvio.com.br/)",2026-09-19T18:45:16.696472Z,FALSE,"MEASUREMENT public calculator (pre-registration, CPF or CNPJ, no contract, no minimum); delivery_range 7-9 days; insurance_value R$359 declared (R$180 for split boxes); site disclaimer: 'valores sao estimativas e podem variar devido a taxas, cubagem, quantidade de envios'"
JeT,Standard,03005-000,Natal,RN,40x30x25,2,5.0,24.77,6,"https://www.melhorenvio.com.br/api/v2/calculator (public GET, no login; same engine as the calculator on https://melhorenvio.com.br/)",2026-09-19T18:45:16.696472Z,FALSE,"MEASUREMENT public calculator (pre-registration, CPF or CNPJ, no contract, no minimum); delivery_range 5-7 days; insurance_value R$359 declared (R$180 for split boxes); site disclaimer: 'valores sao estimativas e podem variar devido a taxas, cubagem, quantidade de envios'"
Total Express,Standard,03005-000,Natal,RN,40x30x25,2,5.0,89.57,9,"https://www.melhorenvio.com.br/api/v2/calculator (public GET, no login; same engine as the calculator on https://melhorenvio.com.br/)",2026-09-19T18:45:16.696472Z,FALSE,"MEASUREMENT public calculator (pre-registration, CPF or CNPJ, no contract, no minimum); delivery_range 8-9 days; insurance_value R$359 declared (R$180 for split boxes); site disclaimer: 'valores sao estimativas e podem variar devido a taxas, cubagem, quantidade de envios'"
STC Transportes,De Mao em Mao Convencional SPO/FTZ,Guarulhos/SP terminal,Fortaleza,CE,<=0.125 m3,10,,29.00,,https://stctransportes.com.br/tabela-de-fretes/,2026-09-19,FALSE,"MEASUREMENT published table; 1 volume, faixa ate 10 kg (cubagem 300 kg/m3, max 0,125 m3), valor embarque ate R$3.000, sem coleta na origem, entrega no destino inclusa, somente capitais"
STC Transportes,De Mao em Mao Expresso SPO/FTZ,Guarulhos/SP terminal,Fortaleza,CE,<=0.125 m3,10,,58.00,,https://stctransportes.com.br/tabela-de-fretes/,2026-09-19,FALSE,"MEASUREMENT published table; same conditions, expresso tier"
STC Transportes,De Mao em Mao Convencional SPO/FTZ,Guarulhos/SP terminal,Fortaleza,CE,<=0.125 m3,20,,49.00,,https://stctransportes.com.br/tabela-de-fretes/,2026-09-19,FALSE,"MEASUREMENT published table; 1 volume, faixa ate 20 kg (cubagem 300 kg/m3, max 0,125 m3), valor embarque ate R$3.000, sem coleta na origem, entrega no destino inclusa, somente capitais"
STC Transportes,De Mao em Mao Expresso SPO/FTZ,Guarulhos/SP terminal,Fortaleza,CE,<=0.125 m3,20,,98.00,,https://stctransportes.com.br/tabela-de-fretes/,2026-09-19,FALSE,"MEASUREMENT published table; same conditions, expresso tier"
STC Transportes,De Mao em Mao Convencional SPO/FTZ,Guarulhos/SP terminal,Fortaleza,CE,<=0.125 m3,30,,79.00,,https://stctransportes.com.br/tabela-de-fretes/,2026-09-19,FALSE,"MEASUREMENT published table; 1 volume, faixa ate 30 kg (cubagem 300 kg/m3, max 0,125 m3), valor embarque ate R$3.000, sem coleta na origem, entrega no destino inclusa, somente capitais"
STC Transportes,De Mao em Mao Expresso SPO/FTZ,Guarulhos/SP terminal,Fortaleza,CE,<=0.125 m3,30,,158.00,,https://stctransportes.com.br/tabela-de-fretes/,2026-09-19,FALSE,"MEASUREMENT published table; same conditions, expresso tier"
STC Transportes,Carga fracionada 31-32.000 kg: Convencional SPO/FTZ (Fortaleza capital),Guarulhos/SP,Fortaleza / interior CE,CE,per ton,1000,,1675.80,6,https://stctransportes.com.br/tabela-de-fretes/,2026-09-19,FALSE,"MEASUREMENT published table (referencial): frete-peso R$/ton; frete minimo R$131.10; ad valorem 0,70%; GRIS 0,30%; CAT R$20; ITR R$20; despacho R$20; pedagio R$2,38/100 kg; cubagem 300 kg/m3; coleta Sao Paulo R$85 / Guarulhos R$65; 'validade vinculada a variacao do combustivel'"
STC Transportes,Carga fracionada 31-32.000 kg: Convencional SPO/FTZi (interior tier i),Guarulhos/SP,Fortaleza / interior CE,CE,per ton,1000,,1869.60,8,https://stctransportes.com.br/tabela-de-fretes/,2026-09-19,FALSE,"MEASUREMENT published table (referencial): frete-peso R$/ton; frete minimo R$330.00; ad valorem 0,70%; GRIS 0,30%; CAT R$20; ITR R$20; despacho R$20; pedagio R$2,38/100 kg; cubagem 300 kg/m3; coleta Sao Paulo R$85 / Guarulhos R$65; 'validade vinculada a variacao do combustivel'"
STC Transportes,Carga fracionada 31-32.000 kg: Convencional SPO/FTZii (interior tier ii),Guarulhos/SP,Fortaleza / interior CE,CE,per ton,1000,,3041.06,12,https://stctransportes.com.br/tabela-de-fretes/,2026-09-19,FALSE,"MEASUREMENT published table (referencial): frete-peso R$/ton; frete minimo R$440.00; ad valorem 0,70%; GRIS 0,30%; CAT R$20; ITR R$20; despacho R$20; pedagio R$2,38/100 kg; cubagem 300 kg/m3; coleta Sao Paulo R$85 / Guarulhos R$65; 'validade vinculada a variacao do combustivel'"
STC Transportes,Carga fracionada 31-32.000 kg: Expresso SPO/FTZ,Guarulhos/SP,Fortaleza / interior CE,CE,per ton,1000,,2667.70,5,https://stctransportes.com.br/tabela-de-fretes/,2026-09-19,FALSE,"MEASUREMENT published table (referencial): frete-peso R$/ton; frete minimo R$262.20; ad valorem 0,70%; GRIS 0,30%; CAT R$20; ITR R$20; despacho R$20; pedagio R$2,38/100 kg; cubagem 300 kg/m3; coleta Sao Paulo R$85 / Guarulhos R$65; 'validade vinculada a variacao do combustivel'"
STC Transportes (derived),"LTL per kit, 100 kits, FTZ capital",03005-000 (coleta SP),Fortaleza / interior CE,CE,60x40x40 per kit,3,28.8,53.99,,https://stctransportes.com.br/tabela-de-fretes/,2026-09-19,TRUE,"ARITHMETIC on published table: 100 kits x 0,096 m3 x 300 = 2,880 kg cubado; frete-peso 4,826.30 + ad valorem 0,7% x NF 35,900 = 251.30 + GRIS 107.70 + CAT/ITR/despacho 60 + pedagio 68.54 + coleta SP 85 = total 5,398.85; single consignee at destination; last-mile inside municipio NOT included"
STC Transportes (derived),"LTL per kit, 100 kits, FTZi interior",03005-000 (coleta SP),Fortaleza / interior CE,CE,60x40x40 per kit,3,28.8,59.57,,https://stctransportes.com.br/tabela-de-fretes/,2026-09-19,TRUE,"ARITHMETIC on published table: 100 kits x 0,096 m3 x 300 = 2,880 kg cubado; frete-peso 5,384.45 + ad valorem 0,7% x NF 35,900 = 251.30 + GRIS 107.70 + CAT/ITR/despacho 60 + pedagio 68.54 + coleta SP 85 = total 5,956.99; single consignee at destination; last-mile inside municipio NOT included"
STC Transportes (derived),"LTL per kit, 100 kits, FTZii interior",03005-000 (coleta SP),Fortaleza / interior CE,CE,60x40x40 per kit,3,28.8,93.31,,https://stctransportes.com.br/tabela-de-fretes/,2026-09-19,TRUE,"ARITHMETIC on published table: 100 kits x 0,096 m3 x 300 = 2,880 kg cubado; frete-peso 8,758.25 + ad valorem 0,7% x NF 35,900 = 251.30 + GRIS 107.70 + CAT/ITR/despacho 60 + pedagio 68.54 + coleta SP 85 = total 9,330.80; single consignee at destination; last-mile inside municipio NOT included"
STC Transportes (derived),"LTL per kit, 5000 kits, FTZ capital",03005-000 (coleta SP),Fortaleza / interior CE,CE,60x40x40 per kit,3,28.8,52.57,,https://stctransportes.com.br/tabela-de-fretes/,2026-09-19,TRUE,"ARITHMETIC on published table: 5000 kits x 0,096 m3 x 300 = 144,000 kg cubado; frete-peso 241,315.20 + ad valorem 0,7% x NF 1,795,000 = 12,565.00 + GRIS 5,385.00 + CAT/ITR/despacho 60 + pedagio 3,427.20 + coleta SP 85 = total 262,837.40; single consignee at destination; last-mile inside municipio NOT included"
STC Transportes (derived),"LTL per kit, 5000 kits, FTZi interior",03005-000 (coleta SP),Fortaleza / interior CE,CE,60x40x40 per kit,3,28.8,58.15,,https://stctransportes.com.br/tabela-de-fretes/,2026-09-19,TRUE,"ARITHMETIC on published table: 5000 kits x 0,096 m3 x 300 = 144,000 kg cubado; frete-peso 269,222.40 + ad valorem 0,7% x NF 1,795,000 = 12,565.00 + GRIS 5,385.00 + CAT/ITR/despacho 60 + pedagio 3,427.20 + coleta SP 85 = total 290,744.60; single consignee at destination; last-mile inside municipio NOT included"
STC Transportes (derived),"LTL per kit, 5000 kits, FTZii interior",03005-000 (coleta SP),Fortaleza / interior CE,CE,60x40x40 per kit,3,28.8,91.89,,https://stctransportes.com.br/tabela-de-fretes/,2026-09-19,TRUE,"ARITHMETIC on published table: 5000 kits x 0,096 m3 x 300 = 144,000 kg cubado; frete-peso 437,912.64 + ad valorem 0,7% x NF 1,795,000 = 12,565.00 + GRIS 5,385.00 + CAT/ITR/despacho 60 + pedagio 3,427.20 + coleta SP 85 = total 459,434.84; single consignee at destination; last-mile inside municipio NOT included"
Correios (derived),"PAC balcao, 1 parcel/kit, 100 kits",03005-000,Recife,PE,60x40x40,3,16,152.60,,https://www2.correios.com.br/sistemas/precosPrazos/ (form POST to sistemas/precosPrazos/prazos.cfm),2026-09-19,TRUE,"ARITHMETIC: 100 parcels x R$152.60 = R$15,260.00; no published volume tier at balcao; contract reducers UNVERIFIED"
Correios (derived),"PAC balcao, 2 parcels/kit (60x40x20 + 40x30x25), 100 kits",03005-000,Recife,PE,60x40x20+40x30x25,1+2,8+5,121.00,,https://www2.correios.com.br/sistemas/precosPrazos/ (form POST to sistemas/precosPrazos/prazos.cfm),2026-09-19,TRUE,"ARITHMETIC: 100 x R$121.00 = R$12,100.00; requires the kit to physically fit the two boxes (tub box 0,048 m3 assumed from seller-stated 0,047 m3)"
Correios via Melhor Envio (derived),"PAC, 1 parcel/kit, 100 kits",03005-000,Recife,PE,60x40x40,3,16,133.73,,"https://www.melhorenvio.com.br/api/v2/calculator (public GET, no login; same engine as the calculator on https://melhorenvio.com.br/)",2026-09-19,TRUE,"ARITHMETIC: 100 x R$133.73 = R$13,373.00; no contract, no minimum, pay per label"
Correios (derived),"PAC balcao, 1 parcel/kit, 5000 kits",03005-000,Recife,PE,60x40x40,3,16,152.60,,https://www2.correios.com.br/sistemas/precosPrazos/ (form POST to sistemas/precosPrazos/prazos.cfm),2026-09-19,TRUE,"ARITHMETIC: 5000 parcels x R$152.60 = R$763,000.00; no published volume tier at balcao; contract reducers UNVERIFIED"
Correios (derived),"PAC balcao, 2 parcels/kit (60x40x20 + 40x30x25), 5000 kits",03005-000,Recife,PE,60x40x20+40x30x25,1+2,8+5,121.00,,https://www2.correios.com.br/sistemas/precosPrazos/ (form POST to sistemas/precosPrazos/prazos.cfm),2026-09-19,TRUE,"ARITHMETIC: 5000 x R$121.00 = R$605,000.00; requires the kit to physically fit the two boxes (tub box 0,048 m3 assumed from seller-stated 0,047 m3)"
Correios via Melhor Envio (derived),"PAC, 1 parcel/kit, 5000 kits",03005-000,Recife,PE,60x40x40,3,16,133.73,,"https://www.melhorenvio.com.br/api/v2/calculator (public GET, no login; same engine as the calculator on https://melhorenvio.com.br/)",2026-09-19,TRUE,"ARITHMETIC: 5000 x R$133.73 = R$668,650.00; no contract, no minimum, pay per label"
Correios (derived),"PAC balcao, 1 parcel/kit, 100 kits",03005-000,Sao Luis,MA,60x40x40,3,16,188.40,,https://www2.correios.com.br/sistemas/precosPrazos/ (form POST to sistemas/precosPrazos/prazos.cfm),2026-09-19,TRUE,"ARITHMETIC: 100 parcels x R$188.40 = R$18,840.00; no published volume tier at balcao; contract reducers UNVERIFIED"
Correios (derived),"PAC balcao, 2 parcels/kit (60x40x20 + 40x30x25), 100 kits",03005-000,Sao Luis,MA,60x40x20+40x30x25,1+2,8+5,147.80,,https://www2.correios.com.br/sistemas/precosPrazos/ (form POST to sistemas/precosPrazos/prazos.cfm),2026-09-19,TRUE,"ARITHMETIC: 100 x R$147.80 = R$14,780.00; requires the kit to physically fit the two boxes (tub box 0,048 m3 assumed from seller-stated 0,047 m3)"
Correios via Melhor Envio (derived),"PAC, 1 parcel/kit, 100 kits",03005-000,Sao Luis,MA,60x40x40,3,16,164.71,,"https://www.melhorenvio.com.br/api/v2/calculator (public GET, no login; same engine as the calculator on https://melhorenvio.com.br/)",2026-09-19,TRUE,"ARITHMETIC: 100 x R$164.71 = R$16,471.00; no contract, no minimum, pay per label"
Correios (derived),"PAC balcao, 1 parcel/kit, 5000 kits",03005-000,Sao Luis,MA,60x40x40,3,16,188.40,,https://www2.correios.com.br/sistemas/precosPrazos/ (form POST to sistemas/precosPrazos/prazos.cfm),2026-09-19,TRUE,"ARITHMETIC: 5000 parcels x R$188.40 = R$942,000.00; no published volume tier at balcao; contract reducers UNVERIFIED"
Correios (derived),"PAC balcao, 2 parcels/kit (60x40x20 + 40x30x25), 5000 kits",03005-000,Sao Luis,MA,60x40x20+40x30x25,1+2,8+5,147.80,,https://www2.correios.com.br/sistemas/precosPrazos/ (form POST to sistemas/precosPrazos/prazos.cfm),2026-09-19,TRUE,"ARITHMETIC: 5000 x R$147.80 = R$739,000.00; requires the kit to physically fit the two boxes (tub box 0,048 m3 assumed from seller-stated 0,047 m3)"
Correios via Melhor Envio (derived),"PAC, 1 parcel/kit, 5000 kits",03005-000,Sao Luis,MA,60x40x40,3,16,164.71,,"https://www.melhorenvio.com.br/api/v2/calculator (public GET, no login; same engine as the calculator on https://melhorenvio.com.br/)",2026-09-19,TRUE,"ARITHMETIC: 5000 x R$164.71 = R$823,550.00; no contract, no minimum, pay per label"
Correios (derived),"PAC balcao, 1 parcel/kit, 100 kits",03005-000,Salvador,BA,60x40x40,3,16,132.90,,https://www2.correios.com.br/sistemas/precosPrazos/ (form POST to sistemas/precosPrazos/prazos.cfm),2026-09-19,TRUE,"ARITHMETIC: 100 parcels x R$132.90 = R$13,290.00; no published volume tier at balcao; contract reducers UNVERIFIED"
Correios (derived),"PAC balcao, 2 parcels/kit (60x40x20 + 40x30x25), 100 kits",03005-000,Salvador,BA,60x40x20+40x30x25,1+2,8+5,107.00,,https://www2.correios.com.br/sistemas/precosPrazos/ (form POST to sistemas/precosPrazos/prazos.cfm),2026-09-19,TRUE,"ARITHMETIC: 100 x R$107.00 = R$10,700.00; requires the kit to physically fit the two boxes (tub box 0,048 m3 assumed from seller-stated 0,047 m3)"
Correios via Melhor Envio (derived),"PAC, 1 parcel/kit, 100 kits",03005-000,Salvador,BA,60x40x40,3,16,117.50,,"https://www.melhorenvio.com.br/api/v2/calculator (public GET, no login; same engine as the calculator on https://melhorenvio.com.br/)",2026-09-19,TRUE,"ARITHMETIC: 100 x R$117.50 = R$11,750.00; no contract, no minimum, pay per label"
Correios (derived),"PAC balcao, 1 parcel/kit, 5000 kits",03005-000,Salvador,BA,60x40x40,3,16,132.90,,https://www2.correios.com.br/sistemas/precosPrazos/ (form POST to sistemas/precosPrazos/prazos.cfm),2026-09-19,TRUE,"ARITHMETIC: 5000 parcels x R$132.90 = R$664,500.00; no published volume tier at balcao; contract reducers UNVERIFIED"
Correios (derived),"PAC balcao, 2 parcels/kit (60x40x20 + 40x30x25), 5000 kits",03005-000,Salvador,BA,60x40x20+40x30x25,1+2,8+5,107.00,,https://www2.correios.com.br/sistemas/precosPrazos/ (form POST to sistemas/precosPrazos/prazos.cfm),2026-09-19,TRUE,"ARITHMETIC: 5000 x R$107.00 = R$535,000.00; requires the kit to physically fit the two boxes (tub box 0,048 m3 assumed from seller-stated 0,047 m3)"
Correios via Melhor Envio (derived),"PAC, 1 parcel/kit, 5000 kits",03005-000,Salvador,BA,60x40x40,3,16,117.50,,"https://www.melhorenvio.com.br/api/v2/calculator (public GET, no login; same engine as the calculator on https://melhorenvio.com.br/)",2026-09-19,TRUE,"ARITHMETIC: 5000 x R$117.50 = R$587,500.00; no contract, no minimum, pay per label"
Correios,PAC/SEDEX with contract (Clube Correios / Platinum / Diamante Start 1),03005-000,(NE/N capitals),,60x40x40,3,16,,,https://www.correios.com.br/enviar/precisa-de-ajuda/contrate-os-correios/arquivos/contratos-formalizados-a-partir-de-marco-de-2020/termo-de-condicoes-comerciais/@@download/file/140%20Termo_de_Condi%C3%A7%C3%B5es_Comerciais_01082025.pdf,2026-09-19,TRUE,"UNVERIFIED price: contract price tables are behind Correios Empresas login. TCC (09/09/2026) Apendice D (13/08/2026): Clube Correios and Platinum have NO valor minimo mensal; Apendice C marks PAC/SEDEX 'sem aplicacao de redutores de preco' for both; first package with reducers = Diamante Start 1, valor minimo R$100.000/mes. Settle by: log in to Correios Empresas with e-CNPJ and download the Clube Correios price table."
Braspress,Rodoviario fracionado,03005-000,(NE/N capitals),,60x40x40,3,16,,,https://www.braspress.com/duvidas-frequentes/,2026-09-19,TRUE,UNVERIFIED: no public price; FAQ: 'Quem nao possui negociacao deve entrar em contato com o departamento comercial da filial BRASPRESS mais proxima.' Cotacao online requires login (https://www.braspress.com.br/w/cotacao/view). No minimum-volume figure published.
Jadlog (direct),Package / .Com / Rodo,03005-000,(NE/N capitals),,60x40x40,3,16,,,https://www.jadlog.com.br/jadlog/simulacao,2026-09-19,TRUE,"UNVERIFIED direct price: public simulator exists but returned javax.faces ViewExpiredException to programmatic submits (needs interactive browser; page carries reCAPTCHA). Jadlog prices WERE measured via Melhor Envio (see rows). Services page: '.Com ... ate 30 kg', 'Rodo ... ate 50 kg'. No minimum volume published; contact form asks 'Quantidade de pedidos/mes'."
Total Express (direct),Standard,03005-000,(NE/N capitals),,60x40x40,3,16,,,https://www.totalexpress.com.br/,2026-09-19,TRUE,BLOCKED: site WAF answered HTTP 400 'The User-Agent header is required' to browser-UA requests. Total Express price WAS measured via Melhor Envio (see rows).
TNT Mercurio / FedEx Brasil,Rodoviario nacional,03005-000,(NE/N capitals),,60x40x40,3,16,,,https://www.fedex.com/pt-br/open-account.html,2026-09-19,TRUE,BLOCKED: fedex.com pt-br pages returned 'System Down / you don't have permission' (Akamai); tnt.com quote pages 404. No price obtained.
SuperFrete,Correios via SuperFrete,03005-000,(NE/N capitals),,60x40x40,3,16,,,https://superfrete.com/,2026-09-19,TRUE,"UNVERIFIED price: calculator only inside the app after registration. Public page: 'Usar a SuperFrete e gratis, sem mensalidades, gasto minimo ou tarifas escondidas' and 'Preciso ter CNPJ? Nao'."
Kangu,-,03005-000,(NE/N capitals),,60x40x40,3,16,,,https://www.kangu.com.br/,2026-09-19,TRUE,"NOT AVAILABLE: kangu.com.br redirects to https://www.mercadolivre.com.br/ajuda/38279 (403 to fetch). Third-party posts (Melhor Envio, SuperFrete, Loggi blogs - NOT measurements) say Kangu closed 23 Feb 2025 and was folded into Mercado Envios."
